timestamp,value
2025-10-13T15:54:02.272,0
2025-10-13T15:54:02.272,0
2025-10-13T15:54:02.272,0
2025-10-13T15:54:02.272,0
2025-10-13T15:54:02.272,0
2025-10-13T15:54:02.272,0
2025-10-13T15:54:02.272,0
2025-10-13T15:54:02.273,0
2025-10-13T15:54:02.273,0
2025-10-13T15:54:02.273,0
2025-10-13T15:54:02.273,0
2025-10-13T15:54:02.273,0
2025-10-13T15:54:02.273,0
2025-10-13T15:54:02.273,0
2025-10-13T15:54:02.273,0
2025-10-13T15:54:02.280,0
2025-10-13T15:54:02.379,0
2025-10-13T15:54:02.482,0
2025-10-13T15:54:02.580,0
2025-10-13T15:54:02.682,0
2025-10-13T15:54:02.784,0
2025-10-13T15:54:02.883,0
2025-10-13T15:54:02.985,0
2025-10-13T15:54:03.083,0
2025-10-13T15:54:03.186,0
2025-10-13T15:54:03.284,0
2025-10-13T15:54:03.387,0
2025-10-13T15:54:03.485,0
2025-10-13T15:54:03.587,0
2025-10-13T15:54:03.690,0
2025-10-13T15:54:03.788,0
2025-10-13T15:54:03.890,0
2025-10-13T15:54:03.989,0
2025-10-13T15:54:04.091,0
2025-10-13T15:54:04.190,0
2025-10-13T15:54:04.292,7
2025-10-13T15:54:04.394,11
2025-10-13T15:54:04.493,10
2025-10-13T15:54:04.595,19
2025-10-13T15:54:04.693,19
2025-10-13T15:54:04.796,19
2025-10-13T15:54:04.898,19
2025-10-13T15:54:04.996,21
2025-10-13T15:54:05.099,25
2025-10-13T15:54:05.197,22
2025-10-13T15:54:05.299,24
2025-10-13T15:54:05.398,23
2025-10-13T15:54:05.500,28
2025-10-13T15:54:05.602,29
2025-10-13T15:54:05.700,30
2025-10-13T15:54:05.803,28
2025-10-13T15:54:05.901,30
2025-10-13T15:54:06.004,26
2025-10-13T15:54:06.102,29
2025-10-13T15:54:06.205,28
2025-10-13T15:54:06.307,29
2025-10-13T15:54:06.405,30
2025-10-13T15:54:06.507,31
2025-10-13T15:54:06.606,31
2025-10-13T15:54:06.708,31
2025-10-13T15:54:06.807,32
2025-10-13T15:54:06.909,32
2025-10-13T15:54:07.011,33
2025-10-13T15:54:07.110,34
2025-10-13T15:54:07.212,34
2025-10-13T15:54:07.310,36
2025-10-13T15:54:07.413,35
2025-10-13T15:54:07.511,36
2025-10-13T15:54:07.613,36
2025-10-13T15:54:07.716,27
2025-10-13T15:54:07.814,28
2025-10-13T15:54:07.917,22
2025-10-13T15:54:08.015,30
2025-10-13T15:54:08.117,32
2025-10-13T15:54:08.216,33
2025-10-13T15:54:08.318,34
2025-10-13T15:54:08.420,34
2025-10-13T15:54:08.519,32
2025-10-13T15:54:08.621,32
2025-10-13T15:54:08.719,34
2025-10-13T15:54:08.822,34
2025-10-13T15:54:08.920,34
2025-10-13T15:54:09.023,37
2025-10-13T15:54:09.125,38
2025-10-13T15:54:09.223,39
2025-10-13T15:54:09.326,39
2025-10-13T15:54:09.424,39
2025-10-13T15:54:09.526,40
2025-10-13T15:54:09.625,40
2025-10-13T15:54:09.727,40
2025-10-13T15:54:09.829,41
2025-10-13T15:54:09.928,41
2025-10-13T15:54:10.030,40
2025-10-13T15:54:10.129,40
2025-10-13T15:54:10.231,40
2025-10-13T15:54:10.329,40
2025-10-13T15:54:10.431,40
2025-10-13T15:54:10.534,41
2025-10-13T15:54:10.632,41
2025-10-13T15:54:10.735,42
2025-10-13T15:54:10.833,42
2025-10-13T15:54:10.935,43
2025-10-13T15:54:11.033,42
2025-10-13T15:54:11.136,42
2025-10-13T15:54:11.238,42
2025-10-13T15:54:11.336,43
2025-10-13T15:54:11.439,42
2025-10-13T15:54:11.538,43
2025-10-13T15:54:11.640,42
2025-10-13T15:54:11.738,42
2025-10-13T15:54:11.840,43
2025-10-13T15:54:11.943,43
2025-10-13T15:54:12.041,43
2025-10-13T15:54:12.144,45
2025-10-13T15:54:12.242,44
2025-10-13T15:54:12.344,44
2025-10-13T15:54:12.443,45
2025-10-13T15:54:12.545,45
2025-10-13T15:54:12.647,45
2025-10-13T15:54:12.746,46
2025-10-13T15:54:12.848,46
2025-10-13T15:54:12.946,46
2025-10-13T15:54:13.049,46
2025-10-13T15:54:13.147,46
2025-10-13T15:54:13.249,46
2025-10-13T15:54:13.352,46
2025-10-13T15:54:13.450,47
2025-10-13T15:54:13.553,47
2025-10-13T15:54:13.651,48
2025-10-13T15:54:13.753,47
2025-10-13T15:54:13.852,47
2025-10-13T15:54:13.954,48
2025-10-13T15:54:14.056,48
2025-10-13T15:54:14.155,48
2025-10-13T15:54:14.257,48
2025-10-13T15:54:14.355,48
2025-10-13T15:54:14.458,48
2025-10-13T15:54:14.556,49
2025-10-13T15:54:14.658,49
2025-10-13T15:54:14.761,49
2025-10-13T15:54:14.859,49
2025-10-13T15:54:14.961,49
2025-10-13T15:54:15.059,49
2025-10-13T15:54:15.162,50
2025-10-13T15:54:15.260,49
2025-10-13T15:54:15.363,50
2025-10-13T15:54:15.465,50
2025-10-13T15:54:15.563,50
2025-10-13T15:54:15.666,50
2025-10-13T15:54:15.764,49
2025-10-13T15:54:15.866,49
2025-10-13T15:54:15.965,50
2025-10-13T15:54:16.067,50
2025-10-13T15:54:16.169,50
2025-10-13T15:54:16.268,50
2025-10-13T15:54:16.370,50
2025-10-13T15:54:16.468,50
2025-10-13T15:54:16.571,50
2025-10-13T15:54:16.669,50
2025-10-13T15:54:16.771,50
2025-10-13T15:54:16.874,50
2025-10-13T15:54:16.972,49
2025-10-13T15:54:17.075,50
2025-10-13T15:54:17.173,51
2025-10-13T15:54:17.275,51
2025-10-13T15:54:17.378,51
2025-10-13T15:54:17.476,51
2025-10-13T15:54:17.578,51
2025-10-13T15:54:17.677,52
2025-10-13T15:54:17.779,52
2025-10-13T15:54:17.877,52
2025-10-13T15:54:17.980,51
2025-10-13T15:54:18.082,52
2025-10-13T15:54:18.180,52
2025-10-13T15:54:18.283,52
2025-10-13T15:54:18.381,52
2025-10-13T15:54:18.484,52
2025-10-13T15:54:18.582,52
2025-10-13T15:54:18.684,52
2025-10-13T15:54:18.787,52
2025-10-13T15:54:18.885,52
2025-10-13T15:54:18.987,52
2025-10-13T15:54:19.086,52
2025-10-13T15:54:19.188,52
2025-10-13T15:54:19.287,52
2025-10-13T15:54:19.389,51
2025-10-13T15:54:19.491,51
2025-10-13T15:54:19.589,51
2025-10-13T15:54:19.692,51
2025-10-13T15:54:19.790,51
2025-10-13T15:54:19.892,51
2025-10-13T15:54:19.991,51
2025-10-13T15:54:20.093,51
2025-10-13T15:54:20.196,51
2025-10-13T15:54:20.294,51
2025-10-13T15:54:20.396,51
2025-10-13T15:54:20.495,51
2025-10-13T15:54:20.597,51
2025-10-13T15:54:20.696,52
2025-10-13T15:54:20.798,52
2025-10-13T15:54:20.900,52
2025-10-13T15:54:20.999,52
2025-10-13T15:54:21.101,52
2025-10-13T15:54:21.199,52
2025-10-13T15:54:21.302,51
2025-10-13T15:54:21.400,52
2025-10-13T15:54:21.502,52
2025-10-13T15:54:21.605,52
2025-10-13T15:54:21.703,52
2025-10-13T15:54:21.805,52
2025-10-13T15:54:21.904,51
2025-10-13T15:54:22.006,52
2025-10-13T15:54:22.104,52
2025-10-13T15:54:22.207,52
2025-10-13T15:54:22.309,52
2025-10-13T15:54:22.407,52
2025-10-13T15:54:22.510,52
2025-10-13T15:54:22.608,52
2025-10-13T15:54:22.710,52
2025-10-13T15:54:22.809,52
2025-10-13T15:54:22.911,52
2025-10-13T15:54:23.013,51
2025-10-13T15:54:23.112,51
2025-10-13T15:54:23.214,51
2025-10-13T15:54:23.313,51
2025-10-13T15:54:23.415,51
2025-10-13T15:54:23.514,49
2025-10-13T15:54:23.616,50
2025-10-13T15:54:23.718,51
2025-10-13T15:54:23.817,52
2025-10-13T15:54:23.919,51
2025-10-13T15:54:24.017,51
2025-10-13T15:54:24.120,51
2025-10-13T15:54:24.218,52
2025-10-13T15:54:24.320,52
2025-10-13T15:54:24.423,51
2025-10-13T15:54:24.521,52
2025-10-13T15:54:24.623,52
2025-10-13T15:54:24.722,53
2025-10-13T15:54:24.824,53
2025-10-13T15:54:24.922,54
2025-10-13T15:54:25.025,54
2025-10-13T15:54:25.127,54
2025-10-13T15:54:25.226,54
2025-10-13T15:54:25.328,54
2025-10-13T15:54:25.426,54
2025-10-13T15:54:25.528,55
2025-10-13T15:54:25.627,55
2025-10-13T15:54:25.729,55
2025-10-13T15:54:25.832,55
2025-10-13T15:54:25.930,56
2025-10-13T15:54:26.032,55
2025-10-13T15:54:26.131,55
2025-10-13T15:54:26.233,55
2025-10-13T15:54:26.331,55
2025-10-13T15:54:26.434,55
2025-10-13T15:54:26.536,55
2025-10-13T15:54:26.635,55
2025-10-13T15:54:26.737,56
2025-10-13T15:54:26.835,55
2025-10-13T15:54:26.938,56
2025-10-13T15:54:27.036,56
2025-10-13T15:54:27.138,55
2025-10-13T15:54:27.240,55
2025-10-13T15:54:27.339,56
2025-10-13T15:54:27.441,56
2025-10-13T15:54:27.540,55
2025-10-13T15:54:27.642,55
2025-10-13T15:54:27.740,55
2025-10-13T15:54:27.843,55
2025-10-13T15:54:27.945,55
2025-10-13T15:54:28.044,56
2025-10-13T15:54:28.146,56
2025-10-13T15:54:28.244,56
2025-10-13T15:54:28.347,56
2025-10-13T15:54:28.445,57
2025-10-13T15:54:28.547,57
2025-10-13T15:54:28.650,57
2025-10-13T15:54:28.748,56
2025-10-13T15:54:28.850,57
2025-10-13T15:54:28.949,56
2025-10-13T15:54:29.051,56
2025-10-13T15:54:29.149,56
2025-10-13T15:54:29.252,56
2025-10-13T15:54:29.354,57
2025-10-13T15:54:29.452,57
2025-10-13T15:54:29.555,56
2025-10-13T15:54:29.653,56
2025-10-13T15:54:29.755,57
2025-10-13T15:54:29.854,57
2025-10-13T15:54:29.956,57
2025-10-13T15:54:30.058,57
2025-10-13T15:54:30.157,57
2025-10-13T15:54:30.259,57
2025-10-13T15:54:30.358,58
2025-10-13T15:54:30.460,58
2025-10-13T15:54:30.558,57
2025-10-13T15:54:30.661,58
2025-10-13T15:54:30.763,58
2025-10-13T15:54:30.861,58
2025-10-13T15:54:30.964,58
2025-10-13T15:54:31.062,58
2025-10-13T15:54:31.164,58
2025-10-13T15:54:31.263,58
2025-10-13T15:54:31.365,58
2025-10-13T15:54:31.468,58
2025-10-13T15:54:31.566,58
2025-10-13T15:54:31.668,58
2025-10-13T15:54:31.767,57
2025-10-13T15:54:31.869,58
2025-10-13T15:54:31.967,58
2025-10-13T15:54:32.070,58
2025-10-13T15:54:32.172,58
2025-10-13T15:54:32.270,58
2025-10-13T15:54:32.373,58
2025-10-13T15:54:32.471,58
2025-10-13T15:54:32.573,58
2025-10-13T15:54:32.672,58
2025-10-13T15:54:32.774,58
2025-10-13T15:54:32.877,58
2025-10-13T15:54:32.975,58
2025-10-13T15:54:33.077,58
2025-10-13T15:54:33.176,58
2025-10-13T15:54:33.278,58
2025-10-13T15:54:33.376,58
2025-10-13T15:54:33.479,58
2025-10-13T15:54:33.581,58
2025-10-13T15:54:33.679,59
2025-10-13T15:54:33.782,60
2025-10-13T15:54:33.880,60
2025-10-13T15:54:33.982,59
2025-10-13T15:54:34.081,59
2025-10-13T15:54:34.183,59
2025-10-13T15:54:34.285,59
2025-10-13T15:54:34.384,59
2025-10-13T15:54:34.486,59
2025-10-13T15:54:34.585,59
2025-10-13T15:54:34.687,59
2025-10-13T15:54:34.785,40
2025-10-13T15:54:34.888,37
2025-10-13T15:54:34.990,40
2025-10-13T15:54:35.088,45
2025-10-13T15:54:35.191,45
2025-10-13T15:54:35.289,45
2025-10-13T15:54:35.391,47
2025-10-13T15:54:35.490,48
2025-10-13T15:54:35.592,50
2025-10-13T15:54:35.694,51
2025-10-13T15:54:35.793,55
2025-10-13T15:54:35.895,55
2025-10-13T15:54:35.993,55
2025-10-13T15:54:36.096,56
2025-10-13T15:54:36.194,56
2025-10-13T15:54:36.296,56
2025-10-13T15:54:36.399,56
2025-10-13T15:54:36.497,56
2025-10-13T15:54:36.600,56
2025-10-13T15:54:36.698,57
2025-10-13T15:54:36.800,57
2025-10-13T15:54:36.899,56
2025-10-13T15:54:37.001,57
2025-10-13T15:54:37.103,56
2025-10-13T15:54:37.202,58
2025-10-13T15:54:37.304,58
2025-10-13T15:54:37.403,58
2025-10-13T15:54:37.505,58
2025-10-13T15:54:37.603,58
2025-10-13T15:54:37.705,57
2025-10-13T15:54:37.808,58
2025-10-13T15:54:37.906,57
2025-10-13T15:54:38.009,59
2025-10-13T15:54:38.107,59
2025-10-13T15:54:38.209,59
2025-10-13T15:54:38.308,59
2025-10-13T15:54:38.410,59
2025-10-13T15:54:38.512,59
2025-10-13T15:54:38.611,60
2025-10-13T15:54:38.713,59
2025-10-13T15:54:38.812,59
2025-10-13T15:54:38.914,59
2025-10-13T15:54:39.012,60
2025-10-13T15:54:39.115,60
2025-10-13T15:54:39.217,60
2025-10-13T15:54:39.315,60
2025-10-13T15:54:39.417,60
2025-10-13T15:54:39.516,60
2025-10-13T15:54:39.618,60
2025-10-13T15:54:39.717,60
2025-10-13T15:54:39.819,60
2025-10-13T15:54:39.921,61
2025-10-13T15:54:40.020,61
2025-10-13T15:54:40.122,61
2025-10-13T15:54:40.221,61
2025-10-13T15:54:40.323,61
2025-10-13T15:54:40.421,61
2025-10-13T15:54:40.524,60
2025-10-13T15:54:40.626,61
2025-10-13T15:54:40.724,61
2025-10-13T15:54:40.827,61
2025-10-13T15:54:40.925,60
2025-10-13T15:54:41.027,61
2025-10-13T15:54:41.126,61
2025-10-13T15:54:41.228,61
2025-10-13T15:54:41.330,61
2025-10-13T15:54:41.429,61
2025-10-13T15:54:41.531,61
2025-10-13T15:54:41.629,61
2025-10-13T15:54:41.732,61
2025-10-13T15:54:41.830,61
2025-10-13T15:54:41.932,59
2025-10-13T15:54:42.035,58
2025-10-13T15:54:42.133,57
2025-10-13T15:54:42.236,59
2025-10-13T15:54:42.334,59
2025-10-13T15:54:42.436,60
2025-10-13T15:54:42.535,60
2025-10-13T15:54:42.637,60
2025-10-13T15:54:42.739,60
2025-10-13T15:54:42.838,60
2025-10-13T15:54:42.940,61
2025-10-13T15:54:43.039,57
2025-10-13T15:54:43.141,58
2025-10-13T15:54:43.239,58
2025-10-13T15:54:43.341,59
2025-10-13T15:54:43.444,59
2025-10-13T15:54:43.542,59
2025-10-13T15:54:43.645,59
2025-10-13T15:54:43.743,59
2025-10-13T15:54:43.845,60
2025-10-13T15:54:43.944,60
2025-10-13T15:54:44.046,60
2025-10-13T15:54:44.148,60
2025-10-13T15:54:44.247,61
2025-10-13T15:54:44.349,61
2025-10-13T15:54:44.447,61
2025-10-13T15:54:44.550,61
2025-10-13T15:54:44.648,61
2025-10-13T15:54:44.750,61
2025-10-13T15:54:44.853,61
2025-10-13T15:54:44.951,61
2025-10-13T15:54:45.053,61
2025-10-13T15:54:45.152,61
2025-10-13T15:54:45.254,61
2025-10-13T15:54:45.352,61
2025-10-13T15:54:45.455,61
2025-10-13T15:54:45.557,61
2025-10-13T15:54:45.655,62
2025-10-13T15:54:45.758,62
2025-10-13T15:54:45.856,61
2025-10-13T15:54:45.959,61
2025-10-13T15:54:46.057,61
2025-10-13T15:54:46.159,62
2025-10-13T15:54:46.262,62
2025-10-13T15:54:46.360,62
2025-10-13T15:54:46.462,62
2025-10-13T15:54:46.560,62
2025-10-13T15:54:46.663,63
2025-10-13T15:54:46.761,63
2025-10-13T15:54:46.864,63
2025-10-13T15:54:46.966,63
2025-10-13T15:54:47.065,64
2025-10-13T15:54:47.167,63
2025-10-13T15:54:47.265,63
2025-10-13T15:54:47.368,63
2025-10-13T15:54:47.466,64
2025-10-13T15:54:47.569,64
2025-10-13T15:54:47.671,63
2025-10-13T15:54:47.769,64
2025-10-13T15:54:47.871,64
2025-10-13T15:54:47.970,63
2025-10-13T15:54:48.072,63
2025-10-13T15:54:48.170,64
2025-10-13T15:54:48.272,64
2025-10-13T15:54:48.375,63
2025-10-13T15:54:48.473,64
2025-10-13T15:54:48.576,64
2025-10-13T15:54:48.674,64
2025-10-13T15:54:48.776,64
2025-10-13T15:54:48.875,64
2025-10-13T15:54:48.977,64
2025-10-13T15:54:49.080,64
2025-10-13T15:54:49.178,64
2025-10-13T15:54:49.280,64
2025-10-13T15:54:49.379,64
2025-10-13T15:54:49.481,64
2025-10-13T15:54:49.580,64
2025-10-13T15:54:49.682,64
2025-10-13T15:54:49.784,65
2025-10-13T15:54:49.883,65
2025-10-13T15:54:49.985,65
2025-10-13T15:54:50.083,64
2025-10-13T15:54:50.186,65
2025-10-13T15:54:50.284,65
2025-10-13T15:54:50.386,65
2025-10-13T15:54:50.488,65
2025-10-13T15:54:50.587,65
2025-10-13T15:54:50.689,65
2025-10-13T15:54:50.788,65
2025-10-13T15:54:50.890,65
2025-10-13T15:54:50.988,65
2025-10-13T15:54:51.091,65
2025-10-13T15:54:51.193,65
2025-10-13T15:54:51.291,65
2025-10-13T15:54:51.394,65
2025-10-13T15:54:51.492,65
2025-10-13T15:54:51.594,66
2025-10-13T15:54:51.693,66
2025-10-13T15:54:51.795,65
2025-10-13T15:54:51.897,65
2025-10-13T15:54:51.996,65
2025-10-13T15:54:52.098,65
2025-10-13T15:54:52.197,65
2025-10-13T15:54:52.299,65
2025-10-13T15:54:52.397,65
2025-10-13T15:54:52.500,65
2025-10-13T15:54:52.602,65
2025-10-13T15:54:52.700,66
2025-10-13T15:54:52.803,65
2025-10-13T15:54:52.901,65
2025-10-13T15:54:53.003,66
2025-10-13T15:54:53.102,66
2025-10-13T15:54:53.204,66
2025-10-13T15:54:53.306,66
2025-10-13T15:54:53.405,66
2025-10-13T15:54:53.507,66
2025-10-13T15:54:53.606,67
2025-10-13T15:54:53.708,67
2025-10-13T15:54:53.806,67
2025-10-13T15:54:53.909,67
2025-10-13T15:54:54.011,67
2025-10-13T15:54:54.109,67
2025-10-13T15:54:54.211,66
2025-10-13T15:54:54.310,66
2025-10-13T15:54:54.412,66
2025-10-13T15:54:54.511,67
2025-10-13T15:54:54.613,66
2025-10-13T15:54:54.715,67
2025-10-13T15:54:54.814,66
2025-10-13T15:54:54.916,67
2025-10-13T15:54:55.014,67
2025-10-13T15:54:55.117,67
2025-10-13T15:54:55.215,67
2025-10-13T15:54:55.318,67
2025-10-13T15:54:55.420,67
2025-10-13T15:54:55.518,67
2025-10-13T15:54:55.620,67
2025-10-13T15:54:55.719,67
2025-10-13T15:54:55.821,67
2025-10-13T15:54:55.920,67
2025-10-13T15:54:56.022,66
2025-10-13T15:54:56.124,67
2025-10-13T15:54:56.223,67
2025-10-13T15:54:56.325,67
2025-10-13T15:54:56.424,67
2025-10-13T15:54:56.526,66
2025-10-13T15:54:56.624,67
2025-10-13T15:54:56.727,67
2025-10-13T15:54:56.829,67
2025-10-13T15:54:56.927,67
2025-10-13T15:54:57.029,67
2025-10-13T15:54:57.128,67
2025-10-13T15:54:57.230,67
2025-10-13T15:54:57.329,67
2025-10-13T15:54:57.431,67
2025-10-13T15:54:57.534,67
2025-10-13T15:54:57.632,67
2025-10-13T15:54:57.734,67
2025-10-13T15:54:57.832,67
2025-10-13T15:54:57.935,67
2025-10-13T15:54:58.033,67
2025-10-13T15:54:58.135,67
2025-10-13T15:54:58.238,67
2025-10-13T15:54:58.336,67
2025-10-13T15:54:58.438,67
2025-10-13T15:54:58.537,67
2025-10-13T15:54:58.639,67
2025-10-13T15:54:58.737,67
2025-10-13T15:54:58.840,67
2025-10-13T15:54:58.942,67
2025-10-13T15:54:59.041,67
2025-10-13T15:54:59.143,67
2025-10-13T15:54:59.241,67
2025-10-13T15:54:59.344,67
2025-10-13T15:54:59.442,67
2025-10-13T15:54:59.544,67
2025-10-13T15:54:59.647,67
2025-10-13T15:54:59.745,67
2025-10-13T15:54:59.848,67
2025-10-13T15:54:59.946,67
2025-10-13T15:55:00.048,67
2025-10-13T15:55:00.147,67
2025-10-13T15:55:00.249,68
2025-10-13T15:55:00.351,68
2025-10-13T15:55:00.450,68
2025-10-13T15:55:00.552,68
2025-10-13T15:55:00.651,68
2025-10-13T15:55:00.753,68
2025-10-13T15:55:00.851,68
2025-10-13T15:55:00.953,68
2025-10-13T15:55:01.056,68
2025-10-13T15:55:01.154,68
2025-10-13T15:55:01.256,68
2025-10-13T15:55:01.355,68
2025-10-13T15:55:01.457,69
2025-10-13T15:55:01.556,68
2025-10-13T15:55:01.658,68
2025-10-13T15:55:01.760,68
2025-10-13T15:55:01.859,68
2025-10-13T15:55:01.961,69
2025-10-13T15:55:02.059,68
2025-10-13T15:55:02.162,68
2025-10-13T15:55:02.260,68
2025-10-13T15:55:02.362,69
2025-10-13T15:55:02.465,69
2025-10-13T15:55:02.563,69
2025-10-13T15:55:02.665,69
2025-10-13T15:55:02.764,69
2025-10-13T15:55:02.866,69
2025-10-13T15:55:02.965,69
2025-10-13T15:55:03.067,69
2025-10-13T15:55:03.169,69
2025-10-13T15:55:03.268,69
2025-10-13T15:55:03.370,69
2025-10-13T15:55:03.468,69
2025-10-13T15:55:03.571,69
2025-10-13T15:55:03.669,69
2025-10-13T15:55:03.771,69
2025-10-13T15:55:03.874,69
2025-10-13T15:55:03.972,69
2025-10-13T15:55:04.075,69
2025-10-13T15:55:04.173,69
2025-10-13T15:55:04.275,69
2025-10-13T15:55:04.373,69
2025-10-13T15:55:04.476,69
2025-10-13T15:55:04.578,69
2025-10-13T15:55:04.677,69
2025-10-13T15:55:04.779,69
2025-10-13T15:55:04.877,69
2025-10-13T15:55:04.980,69
2025-10-13T15:55:05.078,69
2025-10-13T15:55:05.180,69
2025-10-13T15:55:05.283,69
2025-10-13T15:55:05.381,69
2025-10-13T15:55:05.484,69
2025-10-13T15:55:05.582,69
2025-10-13T15:55:05.684,69
2025-10-13T15:55:05.782,69
2025-10-13T15:55:05.885,69
2025-10-13T15:55:05.987,69
2025-10-13T15:55:06.085,69
2025-10-13T15:55:06.188,69
2025-10-13T15:55:06.286,69
2025-10-13T15:55:06.388,70
2025-10-13T15:55:06.487,70
2025-10-13T15:55:06.589,70
2025-10-13T15:55:06.691,69
2025-10-13T15:55:06.790,70
2025-10-13T15:55:06.892,69
2025-10-13T15:55:06.990,70
2025-10-13T15:55:07.093,70
2025-10-13T15:55:07.191,70
2025-10-13T15:55:07.294,70
2025-10-13T15:55:07.396,70
2025-10-13T15:55:07.494,70
2025-10-13T15:55:07.597,70
2025-10-13T15:55:07.695,70
2025-10-13T15:55:07.797,70
2025-10-13T15:55:07.896,70
2025-10-13T15:55:07.998,70
2025-10-13T15:55:08.100,68
2025-10-13T15:55:08.199,63
2025-10-13T15:55:08.301,66
2025-10-13T15:55:08.400,67
2025-10-13T15:55:08.502,67
2025-10-13T15:55:08.604,68
2025-10-13T15:55:08.703,68
2025-10-13T15:55:08.805,68
2025-10-13T15:55:08.903,68
2025-10-13T15:55:09.006,69
2025-10-13T15:55:09.104,69
2025-10-13T15:55:09.206,69
2025-10-13T15:55:09.305,69
2025-10-13T15:55:09.407,69
2025-10-13T15:55:09.510,69
2025-10-13T15:55:09.608,69
2025-10-13T15:55:09.710,69
2025-10-13T15:55:09.808,69
2025-10-13T15:55:09.911,69
2025-10-13T15:55:10.013,69
2025-10-13T15:55:10.111,70
2025-10-13T15:55:10.214,69
2025-10-13T15:55:10.312,69
2025-10-13T15:55:10.415,69
2025-10-13T15:55:10.513,70
2025-10-13T15:55:10.615,70
2025-10-13T15:55:10.718,70
2025-10-13T15:55:10.816,70
2025-10-13T15:55:10.918,70
2025-10-13T15:55:11.017,70
2025-10-13T15:55:11.119,70
2025-10-13T15:55:11.217,70
2025-10-13T15:55:11.320,70
2025-10-13T15:55:11.422,70
2025-10-13T15:55:11.520,70
2025-10-13T15:55:11.623,70
2025-10-13T15:55:11.721,70
2025-10-13T15:55:11.824,70
2025-10-13T15:55:11.922,70
2025-10-13T15:55:12.024,70
2025-10-13T15:55:12.127,70
2025-10-13T15:55:12.225,58
2025-10-13T15:55:12.327,63
2025-10-13T15:55:12.426,62
2025-10-13T15:55:12.528,65
2025-10-13T15:55:12.626,66
2025-10-13T15:55:12.729,67
2025-10-13T15:55:12.831,67
2025-10-13T15:55:12.929,68
2025-10-13T15:55:13.032,68
2025-10-13T15:55:13.130,68
2025-10-13T15:55:13.232,69
2025-10-13T15:55:13.331,69
2025-10-13T15:55:13.433,69
2025-10-13T15:55:13.536,69
2025-10-13T15:55:13.634,69
2025-10-13T15:55:13.736,69
2025-10-13T15:55:13.835,69
2025-10-13T15:55:13.937,69
2025-10-13T15:55:14.036,69
2025-10-13T15:55:14.138,69
2025-10-13T15:55:14.240,69
2025-10-13T15:55:14.339,69
2025-10-13T15:55:14.441,69
2025-10-13T15:55:14.539,68
2025-10-13T15:55:14.641,69
2025-10-13T15:55:14.740,69
2025-10-13T15:55:14.842,69
2025-10-13T15:55:14.945,69
2025-10-13T15:55:15.043,69
2025-10-13T15:55:15.145,69
2025-10-13T15:55:15.244,69
2025-10-13T15:55:15.346,69
2025-10-13T15:55:15.444,69
2025-10-13T15:55:15.547,69
2025-10-13T15:55:15.649,69
2025-10-13T15:55:15.747,69
2025-10-13T15:55:15.850,69
2025-10-13T15:55:15.948,69
2025-10-13T15:55:16.050,69
2025-10-13T15:55:16.149,69
2025-10-13T15:55:16.251,70
2025-10-13T15:55:16.354,69
2025-10-13T15:55:16.452,70
2025-10-13T15:55:16.554,69
2025-10-13T15:55:16.653,69
2025-10-13T15:55:16.755,69
2025-10-13T15:55:16.853,69
2025-10-13T15:55:16.956,69
2025-10-13T15:55:17.058,69
2025-10-13T15:55:17.156,69
2025-10-13T15:55:17.259,69
2025-10-13T15:55:17.357,69
2025-10-13T15:55:17.460,69
2025-10-13T15:55:17.558,69
2025-10-13T15:55:17.660,69
2025-10-13T15:55:17.763,69
2025-10-13T15:55:17.861,69
2025-10-13T15:55:17.963,69
2025-10-13T15:55:18.062,69
2025-10-13T15:55:18.164,69
2025-10-13T15:55:18.262,69
2025-10-13T15:55:18.365,69
2025-10-13T15:55:18.467,69
2025-10-13T15:55:18.565,69
2025-10-13T15:55:18.668,69
2025-10-13T15:55:18.766,70
2025-10-13T15:55:18.868,70
2025-10-13T15:55:18.967,70
2025-10-13T15:55:19.069,70
2025-10-13T15:55:19.171,70
2025-10-13T15:55:19.270,70
2025-10-13T15:55:19.372,70
2025-10-13T15:55:19.470,70
2025-10-13T15:55:19.573,70
2025-10-13T15:55:19.671,70
2025-10-13T15:55:19.773,70
2025-10-13T15:55:19.876,70
2025-10-13T15:55:19.974,70
2025-10-13T15:55:20.077,70
2025-10-13T15:55:20.175,70
2025-10-13T15:55:20.277,70
2025-10-13T15:55:20.376,70
2025-10-13T15:55:20.478,71
2025-10-13T15:55:20.580,70
2025-10-13T15:55:20.679,70
2025-10-13T15:55:20.781,70
2025-10-13T15:55:20.880,70
2025-10-13T15:55:20.982,69
2025-10-13T15:55:21.080,69
2025-10-13T15:55:21.183,69
2025-10-13T15:55:21.285,70
2025-10-13T15:55:21.383,69
2025-10-13T15:55:21.486,69
2025-10-13T15:55:21.584,70
2025-10-13T15:55:21.686,69
2025-10-13T15:55:21.785,70
2025-10-13T15:55:21.887,70
2025-10-13T15:55:21.989,69
2025-10-13T15:55:22.088,70
2025-10-13T15:55:22.190,70
2025-10-13T15:55:22.288,70
2025-10-13T15:55:22.391,70
2025-10-13T15:55:22.489,70
2025-10-13T15:55:22.591,70
2025-10-13T15:55:22.694,70
2025-10-13T15:55:22.792,69
2025-10-13T15:55:22.895,70
2025-10-13T15:55:22.993,70
2025-10-13T15:55:23.095,70
2025-10-13T15:55:23.193,70
2025-10-13T15:55:23.296,70
2025-10-13T15:55:23.398,70
2025-10-13T15:55:23.497,70
2025-10-13T15:55:23.599,70
2025-10-13T15:55:23.697,70
2025-10-13T15:55:23.800,70
2025-10-13T15:55:23.898,71
2025-10-13T15:55:24.000,70
2025-10-13T15:55:24.103,70
2025-10-13T15:55:24.201,71
2025-10-13T15:55:24.303,70
2025-10-13T15:55:24.402,70
2025-10-13T15:55:24.504,70
2025-10-13T15:55:24.602,70
2025-10-13T15:55:24.705,70
2025-10-13T15:55:24.807,70
2025-10-13T15:55:24.906,70
2025-10-13T15:55:25.008,70
2025-10-13T15:55:25.106,70
2025-10-13T15:55:25.209,70
2025-10-13T15:55:25.307,70
2025-10-13T15:55:25.409,71
2025-10-13T15:55:25.512,71
2025-10-13T15:55:25.610,71
2025-10-13T15:55:25.712,71
2025-10-13T15:55:25.811,71
2025-10-13T15:55:25.913,71
2025-10-13T15:55:26.012,71
2025-10-13T15:55:26.114,71
2025-10-13T15:55:26.216,71
2025-10-13T15:55:26.315,71
2025-10-13T15:55:26.417,72
2025-10-13T15:55:26.515,72
2025-10-13T15:55:26.618,72
2025-10-13T15:55:26.716,73
2025-10-13T15:55:26.818,73
2025-10-13T15:55:26.921,73
2025-10-13T15:55:27.019,73
2025-10-13T15:55:27.121,73
2025-10-13T15:55:27.220,73
2025-10-13T15:55:27.322,73
2025-10-13T15:55:27.420,73
2025-10-13T15:55:27.523,73
2025-10-13T15:55:27.625,73
2025-10-13T15:55:27.723,73
2025-10-13T15:55:27.826,73
2025-10-13T15:55:27.924,73
2025-10-13T15:55:28.027,73
2025-10-13T15:55:28.125,73
2025-10-13T15:55:28.227,73
2025-10-13T15:55:28.330,73
2025-10-13T15:55:28.428,73
2025-10-13T15:55:28.530,73
2025-10-13T15:55:28.629,73
2025-10-13T15:55:28.731,73
2025-10-13T15:55:28.829,73
2025-10-13T15:55:28.932,73
2025-10-13T15:55:29.034,73
2025-10-13T15:55:29.133,73
2025-10-13T15:55:29.235,73
2025-10-13T15:55:29.333,73
2025-10-13T15:55:29.436,73
2025-10-13T15:55:29.534,73
2025-10-13T15:55:29.636,72
2025-10-13T15:55:29.739,73
2025-10-13T15:55:29.837,72
2025-10-13T15:55:29.939,72
2025-10-13T15:55:30.038,73
2025-10-13T15:55:30.140,73
2025-10-13T15:55:30.238,73
2025-10-13T15:55:30.341,73
2025-10-13T15:55:30.443,72
2025-10-13T15:55:30.541,73
2025-10-13T15:55:30.644,73
2025-10-13T15:55:30.742,73
2025-10-13T15:55:30.845,72
2025-10-13T15:55:30.943,73
2025-10-13T15:55:31.045,73
2025-10-13T15:55:31.148,73
2025-10-13T15:55:31.246,72
2025-10-13T15:55:31.348,72
2025-10-13T15:55:31.447,73
2025-10-13T15:55:31.549,73
2025-10-13T15:55:31.647,73
2025-10-13T15:55:31.750,72
2025-10-13T15:55:31.852,73
2025-10-13T15:55:31.951,72
2025-10-13T15:55:32.053,72
2025-10-13T15:55:32.151,73
2025-10-13T15:55:32.253,73
2025-10-13T15:55:32.352,73
2025-10-13T15:55:32.454,73
2025-10-13T15:55:32.557,74
2025-10-13T15:55:32.655,73
2025-10-13T15:55:32.757,74
2025-10-13T15:55:32.856,74
2025-10-13T15:55:32.958,74
2025-10-13T15:55:33.056,74
2025-10-13T15:55:33.159,74
2025-10-13T15:55:33.261,74
2025-10-13T15:55:33.359,73
2025-10-13T15:55:33.462,73
2025-10-13T15:55:33.560,73
2025-10-13T15:55:33.662,73
2025-10-13T15:55:33.761,74
2025-10-13T15:55:33.863,74
2025-10-13T15:55:33.966,73
2025-10-13T15:55:34.064,73
2025-10-13T15:55:34.166,73
2025-10-13T15:55:34.265,73
2025-10-13T15:55:34.367,73
2025-10-13T15:55:34.465,73
2025-10-13T15:55:34.568,73
2025-10-13T15:55:34.670,73
2025-10-13T15:55:34.769,73
2025-10-13T15:55:34.871,74
2025-10-13T15:55:34.969,74
2025-10-13T15:55:35.072,74
2025-10-13T15:55:35.170,74
2025-10-13T15:55:35.272,74
2025-10-13T15:55:35.374,74
2025-10-13T15:55:35.473,74
2025-10-13T15:55:35.575,74
2025-10-13T15:55:35.674,73
2025-10-13T15:55:35.776,73
2025-10-13T15:55:35.874,74
2025-10-13T15:55:35.977,74
2025-10-13T15:55:36.079,74
2025-10-13T15:55:36.177,74
2025-10-13T15:55:36.280,74
2025-10-13T15:55:36.378,74
2025-10-13T15:55:36.480,74
2025-10-13T15:55:36.579,74
2025-10-13T15:55:36.681,74
2025-10-13T15:55:36.783,74
2025-10-13T15:55:36.882,74
2025-10-13T15:55:36.984,74
2025-10-13T15:55:37.082,73
2025-10-13T15:55:37.185,73
2025-10-13T15:55:37.283,73
2025-10-13T15:55:37.386,74
2025-10-13T15:55:37.488,74
2025-10-13T15:55:37.586,74
2025-10-13T15:55:37.689,74
2025-10-13T15:55:37.787,74
2025-10-13T15:55:37.889,74
2025-10-13T15:55:37.988,73
2025-10-13T15:55:38.090,73
2025-10-13T15:55:38.192,74
2025-10-13T15:55:38.291,74
2025-10-13T15:55:38.393,74
2025-10-13T15:55:38.491,73
2025-10-13T15:55:38.594,74
2025-10-13T15:55:38.692,74
2025-10-13T15:55:38.795,74
2025-10-13T15:55:38.897,74
2025-10-13T15:55:38.995,74
2025-10-13T15:55:39.098,74
2025-10-13T15:55:39.196,74
2025-10-13T15:55:39.298,74
2025-10-13T15:55:39.397,74
2025-10-13T15:55:39.499,73
2025-10-13T15:55:39.601,73
2025-10-13T15:55:39.700,73
2025-10-13T15:55:39.802,73
2025-10-13T15:55:39.900,73
2025-10-13T15:55:40.003,74
2025-10-13T15:55:40.101,74
2025-10-13T15:55:40.203,73
2025-10-13T15:55:40.306,74
2025-10-13T15:55:40.405,74
2025-10-13T15:55:40.507,75
2025-10-13T15:55:40.605,74
2025-10-13T15:55:40.708,74
2025-10-13T15:55:40.806,74
2025-10-13T15:55:40.908,74
2025-10-13T15:55:41.010,74
2025-10-13T15:55:41.109,74
2025-10-13T15:55:41.211,74
2025-10-13T15:55:41.309,74
2025-10-13T15:55:41.412,74
2025-10-13T15:55:41.510,74
2025-10-13T15:55:41.613,74
2025-10-13T15:55:41.715,74
2025-10-13T15:55:41.813,73
2025-10-13T15:55:41.916,74
2025-10-13T15:55:42.014,73
2025-10-13T15:55:42.116,74
2025-10-13T15:55:42.215,74
2025-10-13T15:55:42.317,74
2025-10-13T15:55:42.419,74
2025-10-13T15:55:42.518,74
2025-10-13T15:55:42.620,74
2025-10-13T15:55:42.718,73
2025-10-13T15:55:42.821,74
2025-10-13T15:55:42.919,74
2025-10-13T15:55:43.021,74
2025-10-13T15:55:43.124,74
2025-10-13T15:55:43.222,73
2025-10-13T15:55:43.325,73
2025-10-13T15:55:43.423,73
2025-10-13T15:55:43.525,74
2025-10-13T15:55:43.624,74
2025-10-13T15:55:43.726,73
2025-10-13T15:55:43.828,73
2025-10-13T15:55:43.927,73
2025-10-13T15:55:44.029,73
2025-10-13T15:55:44.128,72
2025-10-13T15:55:44.230,75
2025-10-13T15:55:44.328,75
2025-10-13T15:55:44.430,75
2025-10-13T15:55:44.533,75
2025-10-13T15:55:44.631,75
2025-10-13T15:55:44.733,75
2025-10-13T15:55:44.832,75
2025-10-13T15:55:44.934,75
2025-10-13T15:55:45.033,75
2025-10-13T15:55:45.135,74
2025-10-13T15:55:45.237,75
2025-10-13T15:55:45.336,75
2025-10-13T15:55:45.438,75
2025-10-13T15:55:45.536,75
2025-10-13T15:55:45.639,75
2025-10-13T15:55:45.737,75
2025-10-13T15:55:45.839,75
2025-10-13T15:55:45.942,75
2025-10-13T15:55:46.040,75
2025-10-13T15:55:46.142,75
2025-10-13T15:55:46.241,75
2025-10-13T15:55:46.343,75
2025-10-13T15:55:46.442,75
2025-10-13T15:55:46.544,75
2025-10-13T15:55:46.646,75
2025-10-13T15:55:46.745,75
2025-10-13T15:55:46.847,75
2025-10-13T15:55:46.945,75
2025-10-13T15:55:47.048,75
2025-10-13T15:55:47.146,75
2025-10-13T15:55:47.248,75
2025-10-13T15:55:47.351,75
2025-10-13T15:55:47.449,75
2025-10-13T15:55:47.552,75
2025-10-13T15:55:47.650,75
2025-10-13T15:55:47.752,74
2025-10-13T15:55:47.850,75
2025-10-13T15:55:47.953,75
2025-10-13T15:55:48.055,75
2025-10-13T15:55:48.154,74
2025-10-13T15:55:48.256,76
2025-10-13T15:55:48.354,75
2025-10-13T15:55:48.457,75
2025-10-13T15:55:48.555,75
2025-10-13T15:55:48.657,75
2025-10-13T15:55:48.760,75
2025-10-13T15:55:48.858,75
2025-10-13T15:55:48.960,75
2025-10-13T15:55:49.059,76
2025-10-13T15:55:49.161,75
2025-10-13T15:55:49.259,75
2025-10-13T15:55:49.362,75
2025-10-13T15:55:49.464,75
2025-10-13T15:55:49.562,75
2025-10-13T15:55:49.665,76
2025-10-13T15:55:49.763,76
2025-10-13T15:55:49.866,75
2025-10-13T15:55:49.964,75
2025-10-13T15:55:50.066,75
2025-10-13T15:55:50.169,76
2025-10-13T15:55:50.267,76
2025-10-13T15:55:50.369,75
2025-10-13T15:55:50.468,75
2025-10-13T15:55:50.570,74
2025-10-13T15:55:50.668,74
2025-10-13T15:55:50.771,75
2025-10-13T15:55:50.873,75
2025-10-13T15:55:50.971,75
2025-10-13T15:55:51.074,75
2025-10-13T15:55:51.172,75
2025-10-13T15:55:51.275,75
2025-10-13T15:55:51.373,75
2025-10-13T15:55:51.475,75
2025-10-13T15:55:51.578,75
2025-10-13T15:55:51.676,75
2025-10-13T15:55:51.778,75
2025-10-13T15:55:51.877,75
2025-10-13T15:55:51.979,75
2025-10-13T15:55:52.077,75
2025-10-13T15:55:52.180,76
2025-10-13T15:55:52.282,76
2025-10-13T15:55:52.380,76
2025-10-13T15:55:52.483,75
2025-10-13T15:55:52.581,75
2025-10-13T15:55:52.684,76
2025-10-13T15:55:52.782,75
2025-10-13T15:55:52.884,75
2025-10-13T15:55:52.987,75
2025-10-13T15:55:53.085,75
2025-10-13T15:55:53.187,75
2025-10-13T15:55:53.286,75
2025-10-13T15:55:53.388,75
2025-10-13T15:55:53.486,75
2025-10-13T15:55:53.589,76
2025-10-13T15:55:53.691,76
2025-10-13T15:55:53.789,76
2025-10-13T15:55:53.892,76
2025-10-13T15:55:53.990,76
2025-10-13T15:55:54.092,76
2025-10-13T15:55:54.191,76
2025-10-13T15:55:54.293,75
2025-10-13T15:55:54.395,76
2025-10-13T15:55:54.494,76
2025-10-13T15:55:54.596,76
2025-10-13T15:55:54.694,74
2025-10-13T15:55:54.797,75
2025-10-13T15:55:54.896,75
2025-10-13T15:55:54.998,76
2025-10-13T15:55:55.100,76
2025-10-13T15:55:55.198,76
2025-10-13T15:55:55.301,75
2025-10-13T15:55:55.399,76
2025-10-13T15:55:55.501,76
2025-10-13T15:55:55.600,76
2025-10-13T15:55:55.702,76
2025-10-13T15:55:55.804,75
2025-10-13T15:55:55.903,75
2025-10-13T15:55:56.005,76
2025-10-13T15:55:56.104,76
2025-10-13T15:55:56.206,75
2025-10-13T15:55:56.308,75
2025-10-13T15:55:56.407,76
2025-10-13T15:55:56.509,76
2025-10-13T15:55:56.607,76
2025-10-13T15:55:56.710,76
2025-10-13T15:55:56.808,76
2025-10-13T15:55:56.910,76
2025-10-13T15:55:57.013,76
2025-10-13T15:55:57.111,76
2025-10-13T15:55:57.214,76
2025-10-13T15:55:57.312,76
2025-10-13T15:55:57.414,76
2025-10-13T15:55:57.513,76
2025-10-13T15:55:57.615,76
2025-10-13T15:55:57.717,76
2025-10-13T15:55:57.816,76
2025-10-13T15:55:57.918,76
2025-10-13T15:55:58.016,76
2025-10-13T15:55:58.119,76
2025-10-13T15:55:58.217,76
2025-10-13T15:55:58.319,76
2025-10-13T15:55:58.422,76
2025-10-13T15:55:58.520,76
2025-10-13T15:55:58.623,76
2025-10-13T15:55:58.721,76
2025-10-13T15:55:58.823,76
2025-10-13T15:55:58.922,76
2025-10-13T15:55:59.024,76
2025-10-13T15:55:59.126,76
2025-10-13T15:55:59.225,76
2025-10-13T15:55:59.327,77
2025-10-13T15:55:59.425,76
2025-10-13T15:55:59.528,76
2025-10-13T15:55:59.626,76
2025-10-13T15:55:59.728,77
2025-10-13T15:55:59.831,77
2025-10-13T15:55:59.929,77
2025-10-13T15:56:00.031,76
2025-10-13T15:56:00.130,76
2025-10-13T15:56:00.232,76
2025-10-13T15:56:00.330,76
2025-10-13T15:56:00.433,75
2025-10-13T15:56:00.535,76
2025-10-13T15:56:00.633,76
2025-10-13T15:56:00.736,76
2025-10-13T15:56:00.835,76
2025-10-13T15:56:00.937,76
2025-10-13T15:56:01.035,76
2025-10-13T15:56:01.137,77
2025-10-13T15:56:01.240,76
2025-10-13T15:56:01.338,76
2025-10-13T15:56:01.440,76
2025-10-13T15:56:01.539,76
2025-10-13T15:56:01.641,76
2025-10-13T15:56:01.739,76
2025-10-13T15:56:01.842,76
2025-10-13T15:56:01.944,76
2025-10-13T15:56:02.043,76
2025-10-13T15:56:02.145,76
2025-10-13T15:56:02.243,76
2025-10-13T15:56:02.345,76
2025-10-13T15:56:02.444,76
2025-10-13T15:56:02.546,77
2025-10-13T15:56:02.649,77
2025-10-13T15:56:02.747,76
2025-10-13T15:56:02.849,77
2025-10-13T15:56:02.948,76
2025-10-13T15:56:03.050,76
2025-10-13T15:56:03.148,76
2025-10-13T15:56:03.251,77
2025-10-13T15:56:03.353,76
2025-10-13T15:56:03.452,77
2025-10-13T15:56:03.554,77
2025-10-13T15:56:03.652,77
2025-10-13T15:56:03.755,77
2025-10-13T15:56:03.853,77
2025-10-13T15:56:03.955,77
2025-10-13T15:56:04.058,76
2025-10-13T15:56:04.156,77
2025-10-13T15:56:04.258,67
2025-10-13T15:56:04.357,69
2025-10-13T15:56:04.459,69
2025-10-13T15:56:04.558,70
2025-10-13T15:56:04.660,72
2025-10-13T15:56:04.762,72
2025-10-13T15:56:04.860,73
2025-10-13T15:56:04.963,73
2025-10-13T15:56:05.061,73
2025-10-13T15:56:05.163,73
2025-10-13T15:56:05.262,73
2025-10-13T15:56:05.364,74
2025-10-13T15:56:05.467,74
2025-10-13T15:56:05.565,74
2025-10-13T15:56:05.667,74
2025-10-13T15:56:05.766,74
2025-10-13T15:56:05.868,74
2025-10-13T15:56:05.966,74
2025-10-13T15:56:06.069,74
2025-10-13T15:56:06.171,74
2025-10-13T15:56:06.270,74
2025-10-13T15:56:06.372,73
2025-10-13T15:56:06.470,73
2025-10-13T15:56:06.573,74
2025-10-13T15:56:06.671,73
2025-10-13T15:56:06.773,74
2025-10-13T15:56:06.876,74
2025-10-13T15:56:06.974,73
2025-10-13T15:56:07.076,74
2025-10-13T15:56:07.175,74
2025-10-13T15:56:07.277,74
2025-10-13T15:56:07.376,74
2025-10-13T15:56:07.478,74
2025-10-13T15:56:07.580,73
2025-10-13T15:56:07.679,74
2025-10-13T15:56:07.781,74
2025-10-13T15:56:07.879,74
2025-10-13T15:56:07.981,74
2025-10-13T15:56:08.080,74
2025-10-13T15:56:08.182,74
2025-10-13T15:56:08.285,74
2025-10-13T15:56:08.383,74
2025-10-13T15:56:08.485,74
2025-10-13T15:56:08.584,74
2025-10-13T15:56:08.686,74
2025-10-13T15:56:08.784,73
2025-10-13T15:56:08.887,74
2025-10-13T15:56:08.989,74
2025-10-13T15:56:09.087,74
2025-10-13T15:56:09.190,74
2025-10-13T15:56:09.288,74
2025-10-13T15:56:09.391,74
2025-10-13T15:56:09.489,74
2025-10-13T15:56:09.591,74
2025-10-13T15:56:09.694,75
2025-10-13T15:56:09.792,74
2025-10-13T15:56:09.894,75
2025-10-13T15:56:09.992,75
2025-10-13T15:56:10.095,75
2025-10-13T15:56:10.193,75
2025-10-13T15:56:10.296,75
2025-10-13T15:56:10.398,75
2025-10-13T15:56:10.496,75
2025-10-13T15:56:10.599,75
2025-10-13T15:56:10.697,75
2025-10-13T15:56:10.800,75
2025-10-13T15:56:10.898,75
2025-10-13T15:56:11.000,75
2025-10-13T15:56:11.103,75
2025-10-13T15:56:11.201,75
2025-10-13T15:56:11.303,75
2025-10-13T15:56:11.402,75
2025-10-13T15:56:11.504,75
2025-10-13T15:56:11.602,75
2025-10-13T15:56:11.705,75
2025-10-13T15:56:11.807,75
2025-10-13T15:56:11.905,75
2025-10-13T15:56:12.008,75
2025-10-13T15:56:12.106,74
2025-10-13T15:56:12.209,75
2025-10-13T15:56:12.307,75
2025-10-13T15:56:12.409,75
2025-10-13T15:56:12.512,75
2025-10-13T15:56:12.610,75
2025-10-13T15:56:12.712,75
2025-10-13T15:56:12.810,75
2025-10-13T15:56:12.913,75
2025-10-13T15:56:13.011,75
2025-10-13T15:56:13.114,75
2025-10-13T15:56:13.216,75
2025-10-13T15:56:13.314,75
2025-10-13T15:56:13.417,75
2025-10-13T15:56:13.515,75
2025-10-13T15:56:13.618,75
2025-10-13T15:56:13.716,75
2025-10-13T15:56:13.818,75
2025-10-13T15:56:13.920,75
2025-10-13T15:56:14.019,75
2025-10-13T15:56:14.121,75
2025-10-13T15:56:14.219,76
2025-10-13T15:56:14.322,76
2025-10-13T15:56:14.420,75
2025-10-13T15:56:14.523,75
2025-10-13T15:56:14.625,75
2025-10-13T15:56:14.723,75
2025-10-13T15:56:14.826,74
2025-10-13T15:56:14.924,75
2025-10-13T15:56:15.027,75
2025-10-13T15:56:15.125,75
2025-10-13T15:56:15.227,75
2025-10-13T15:56:15.329,75
2025-10-13T15:56:15.428,75
2025-10-13T15:56:15.530,76
2025-10-13T15:56:15.629,76
2025-10-13T15:56:15.731,76
2025-10-13T15:56:15.829,76
2025-10-13T15:56:15.932,75
2025-10-13T15:56:16.034,75
2025-10-13T15:56:16.132,76
2025-10-13T15:56:16.235,75
2025-10-13T15:56:16.333,76
2025-10-13T15:56:16.435,75
2025-10-13T15:56:16.534,75
2025-10-13T15:56:16.636,75
2025-10-13T15:56:16.739,75
2025-10-13T15:56:16.837,75
2025-10-13T15:56:16.939,75
2025-10-13T15:56:17.038,75
2025-10-13T15:56:17.140,75
2025-10-13T15:56:17.238,75
2025-10-13T15:56:17.341,75
2025-10-13T15:56:17.443,75
2025-10-13T15:56:17.541,75
2025-10-13T15:56:17.644,75
2025-10-13T15:56:17.742,75
2025-10-13T15:56:17.844,75
2025-10-13T15:56:17.943,75
2025-10-13T15:56:18.045,75
2025-10-13T15:56:18.147,75
2025-10-13T15:56:18.246,75
2025-10-13T15:56:18.348,74
2025-10-13T15:56:18.447,75
2025-10-13T15:56:18.549,75
2025-10-13T15:56:18.647,75
2025-10-13T15:56:18.749,75
2025-10-13T15:56:18.852,75
2025-10-13T15:56:18.950,75
2025-10-13T15:56:19.053,75
2025-10-13T15:56:19.151,74
2025-10-13T15:56:19.253,74
2025-10-13T15:56:19.352,76
2025-10-13T15:56:19.454,76
2025-10-13T15:56:19.556,76
2025-10-13T15:56:19.655,75
2025-10-13T15:56:19.757,76
2025-10-13T15:56:19.856,75
2025-10-13T15:56:19.958,75
2025-10-13T15:56:20.056,75
2025-10-13T15:56:20.159,75
2025-10-13T15:56:20.261,75
2025-10-13T15:56:20.359,75
2025-10-13T15:56:20.462,75
2025-10-13T15:56:20.560,75
2025-10-13T15:56:20.662,75
2025-10-13T15:56:20.761,76
2025-10-13T15:56:20.863,76
2025-10-13T15:56:20.965,77
2025-10-13T15:56:21.064,77
2025-10-13T15:56:21.166,77
2025-10-13T15:56:21.264,77
2025-10-13T15:56:21.367,77
2025-10-13T15:56:21.465,77
2025-10-13T15:56:21.567,76
2025-10-13T15:56:21.670,77
2025-10-13T15:56:21.768,77
2025-10-13T15:56:21.870,77
2025-10-13T15:56:21.969,77
2025-10-13T15:56:22.071,77
2025-10-13T15:56:22.169,77
2025-10-13T15:56:22.272,77
2025-10-13T15:56:22.374,77
2025-10-13T15:56:22.473,77
2025-10-13T15:56:22.575,77
2025-10-13T15:56:22.673,77
2025-10-13T15:56:22.776,76
2025-10-13T15:56:22.874,77
2025-10-13T15:56:22.976,77
2025-10-13T15:56:23.079,77
2025-10-13T15:56:23.177,77
2025-10-13T15:56:23.279,77
2025-10-13T15:56:23.378,76
2025-10-13T15:56:23.480,76
2025-10-13T15:56:23.578,77
2025-10-13T15:56:23.681,77
2025-10-13T15:56:23.783,77
2025-10-13T15:56:23.882,76
2025-10-13T15:56:23.984,77
2025-10-13T15:56:24.082,77
2025-10-13T15:56:24.185,77
2025-10-13T15:56:24.283,77
2025-10-13T15:56:24.385,77
2025-10-13T15:56:24.488,77
2025-10-13T15:56:24.586,78
2025-10-13T15:56:24.688,77
2025-10-13T15:56:24.787,77
2025-10-13T15:56:24.889,77
2025-10-13T15:56:24.988,77
2025-10-13T15:56:25.090,77
2025-10-13T15:56:25.192,76
2025-10-13T15:56:25.291,77
2025-10-13T15:56:25.393,77
2025-10-13T15:56:25.491,77
2025-10-13T15:56:25.594,78
2025-10-13T15:56:25.692,77
2025-10-13T15:56:25.794,77
2025-10-13T15:56:25.897,78
2025-10-13T15:56:25.995,77
2025-10-13T15:56:26.097,77
2025-10-13T15:56:26.196,77
2025-10-13T15:56:26.298,77
2025-10-13T15:56:26.397,77
2025-10-13T15:56:26.499,77
2025-10-13T15:56:26.601,77
2025-10-13T15:56:26.700,77
2025-10-13T15:56:26.802,77
2025-10-13T15:56:26.900,77
2025-10-13T15:56:27.003,77
2025-10-13T15:56:27.101,77
2025-10-13T15:56:27.204,77
2025-10-13T15:56:27.306,77
2025-10-13T15:56:27.404,77
2025-10-13T15:56:27.507,77
2025-10-13T15:56:27.605,77
2025-10-13T15:56:27.707,77
2025-10-13T15:56:27.806,78
2025-10-13T15:56:27.908,77
2025-10-13T15:56:28.010,78
2025-10-13T15:56:28.109,77
2025-10-13T15:56:28.211,77
2025-10-13T15:56:28.309,77
2025-10-13T15:56:28.412,77
2025-10-13T15:56:28.510,76
2025-10-13T15:56:28.612,77
2025-10-13T15:56:28.715,77
2025-10-13T15:56:28.813,76
2025-10-13T15:56:28.915,77
2025-10-13T15:56:29.013,76
2025-10-13T15:56:29.116,77
2025-10-13T15:56:29.214,77
2025-10-13T15:56:29.317,77
2025-10-13T15:56:29.419,77
2025-10-13T15:56:29.517,77
2025-10-13T15:56:29.620,77
2025-10-13T15:56:29.718,77
2025-10-13T15:56:29.821,77
2025-10-13T15:56:29.919,77
2025-10-13T15:56:30.021,77
2025-10-13T15:56:30.124,77
2025-10-13T15:56:30.222,77
2025-10-13T15:56:30.324,77
2025-10-13T15:56:30.422,76
2025-10-13T15:56:30.525,76
2025-10-13T15:56:30.623,77
2025-10-13T15:56:30.726,77
2025-10-13T15:56:30.828,77
2025-10-13T15:56:30.927,77
2025-10-13T15:56:31.029,77
2025-10-13T15:56:31.127,77
2025-10-13T15:56:31.230,77
2025-10-13T15:56:31.328,77
2025-10-13T15:56:31.431,77
2025-10-13T15:56:31.533,77
2025-10-13T15:56:31.631,77
2025-10-13T15:56:31.733,77
2025-10-13T15:56:31.832,77
2025-10-13T15:56:31.934,78
2025-10-13T15:56:32.033,77
2025-10-13T15:56:32.135,77
2025-10-13T15:56:32.237,77
2025-10-13T15:56:32.336,77
2025-10-13T15:56:32.438,77
2025-10-13T15:56:32.536,77
2025-10-13T15:56:32.638,77
2025-10-13T15:56:32.737,77
2025-10-13T15:56:32.839,77
2025-10-13T15:56:32.941,78
2025-10-13T15:56:33.040,77
2025-10-13T15:56:33.142,77
2025-10-13T15:56:33.241,77
2025-10-13T15:56:33.343,77
2025-10-13T15:56:33.441,77
2025-10-13T15:56:33.544,77
2025-10-13T15:56:33.646,77
2025-10-13T15:56:33.744,77
2025-10-13T15:56:33.847,77
2025-10-13T15:56:33.945,77
2025-10-13T15:56:34.047,77
2025-10-13T15:56:34.146,77
2025-10-13T15:56:34.248,77
2025-10-13T15:56:34.351,77
2025-10-13T15:56:34.449,76
2025-10-13T15:56:34.551,76
2025-10-13T15:56:34.650,77
2025-10-13T15:56:34.752,77
2025-10-13T15:56:34.850,77
2025-10-13T15:56:34.953,77
2025-10-13T15:56:35.055,77
2025-10-13T15:56:35.154,77
2025-10-13T15:56:35.256,77
2025-10-13T15:56:35.354,77
2025-10-13T15:56:35.457,77
2025-10-13T15:56:35.555,77
2025-10-13T15:56:35.657,77
2025-10-13T15:56:35.759,77
2025-10-13T15:56:35.858,77
2025-10-13T15:56:35.960,77
2025-10-13T15:56:36.059,77
2025-10-13T15:56:36.161,77
2025-10-13T15:56:36.259,77
2025-10-13T15:56:36.362,77
2025-10-13T15:56:36.464,77
2025-10-13T15:56:36.562,78
2025-10-13T15:56:36.665,78
2025-10-13T15:56:36.763,78
2025-10-13T15:56:36.865,78
2025-10-13T15:56:36.964,78
2025-10-13T15:56:37.066,78
2025-10-13T15:56:37.168,78
2025-10-13T15:56:37.267,78
2025-10-13T15:56:37.369,78
2025-10-13T15:56:37.467,78
2025-10-13T15:56:37.570,78
2025-10-13T15:56:37.668,78
2025-10-13T15:56:37.771,78
2025-10-13T15:56:37.873,79
2025-10-13T15:56:37.971,78
2025-10-13T15:56:38.074,78
2025-10-13T15:56:38.172,78
2025-10-13T15:56:38.274,78
2025-10-13T15:56:38.373,78
2025-10-13T15:56:38.475,78
2025-10-13T15:56:38.578,78
2025-10-13T15:56:38.676,78
2025-10-13T15:56:38.778,78
2025-10-13T15:56:38.877,78
2025-10-13T15:56:38.979,78
2025-10-13T15:56:39.077,77
2025-10-13T15:56:39.180,78
2025-10-13T15:56:39.282,78
2025-10-13T15:56:39.380,78
2025-10-13T15:56:39.483,78
2025-10-13T15:56:39.581,78
2025-10-13T15:56:39.683,78
2025-10-13T15:56:39.782,78
2025-10-13T15:56:39.884,78
2025-10-13T15:56:39.986,78
2025-10-13T15:56:40.085,78
2025-10-13T15:56:40.187,78
2025-10-13T15:56:40.286,78
2025-10-13T15:56:40.388,78
2025-10-13T15:56:40.486,78
2025-10-13T15:56:40.589,78
2025-10-13T15:56:40.691,78
2025-10-13T15:56:40.789,78
2025-10-13T15:56:40.892,78
2025-10-13T15:56:40.990,78
2025-10-13T15:56:41.092,78
2025-10-13T15:56:41.191,78
2025-10-13T15:56:41.293,79
2025-10-13T15:56:41.395,79
2025-10-13T15:56:41.494,78
2025-10-13T15:56:41.596,79
2025-10-13T15:56:41.694,79
2025-10-13T15:56:41.797,78
2025-10-13T15:56:41.895,78
2025-10-13T15:56:41.997,79
2025-10-13T15:56:42.100,78
2025-10-13T15:56:42.198,78
2025-10-13T15:56:42.301,79
2025-10-13T15:56:42.399,78
2025-10-13T15:56:42.501,79
2025-10-13T15:56:42.599,79
2025-10-13T15:56:42.702,79
2025-10-13T15:56:42.804,79
2025-10-13T15:56:42.902,79
2025-10-13T15:56:43.005,79
2025-10-13T15:56:43.103,79
2025-10-13T15:56:43.206,79
2025-10-13T15:56:43.304,79
2025-10-13T15:56:43.407,78
2025-10-13T15:56:43.509,78
2025-10-13T15:56:43.607,78
2025-10-13T15:56:43.709,79
2025-10-13T15:56:43.808,79
2025-10-13T15:56:43.910,79
2025-10-13T15:56:44.012,79
2025-10-13T15:56:44.111,79
2025-10-13T15:56:44.213,78
2025-10-13T15:56:44.312,79
2025-10-13T15:56:44.414,79
2025-10-13T15:56:44.512,78
2025-10-13T15:56:44.615,78
2025-10-13T15:56:44.717,78
2025-10-13T15:56:44.815,79
2025-10-13T15:56:44.918,79
2025-10-13T15:56:45.016,79
2025-10-13T15:56:45.118,79
2025-10-13T15:56:45.217,79
2025-10-13T15:56:45.319,78
2025-10-13T15:56:45.421,79
2025-10-13T15:56:45.520,79
2025-10-13T15:56:45.622,78
2025-10-13T15:56:45.721,78
2025-10-13T15:56:45.823,78
2025-10-13T15:56:45.921,78
2025-10-13T15:56:46.023,78
2025-10-13T15:56:46.126,78
2025-10-13T15:56:46.225,78
2025-10-13T15:56:46.327,78
2025-10-13T15:56:46.425,78
2025-10-13T15:56:46.528,78
2025-10-13T15:56:46.626,78
2025-10-13T15:56:46.728,78
2025-10-13T15:56:46.830,78
2025-10-13T15:56:46.929,78
2025-10-13T15:56:47.031,78
2025-10-13T15:56:47.130,78
2025-10-13T15:56:47.232,78
2025-10-13T15:56:47.330,78
2025-10-13T15:56:47.433,78
2025-10-13T15:56:47.535,78
2025-10-13T15:56:47.633,79
2025-10-13T15:56:47.736,78
2025-10-13T15:56:47.834,79
2025-10-13T15:56:47.937,78
2025-10-13T15:56:48.035,78
2025-10-13T15:56:48.137,79
2025-10-13T15:56:48.240,78
2025-10-13T15:56:48.338,78
2025-10-13T15:56:48.440,78
2025-10-13T15:56:48.539,78
2025-10-13T15:56:48.641,78
2025-10-13T15:56:48.739,78
2025-10-13T15:56:48.842,78
2025-10-13T15:56:48.944,78
2025-10-13T15:56:49.042,78
2025-10-13T15:56:49.145,78
2025-10-13T15:56:49.243,78
2025-10-13T15:56:49.345,78
2025-10-13T15:56:49.444,78
2025-10-13T15:56:49.546,78
2025-10-13T15:56:49.648,78
2025-10-13T15:56:49.747,78
2025-10-13T15:56:49.849,78
2025-10-13T15:56:49.947,78
2025-10-13T15:56:50.050,78
2025-10-13T15:56:50.148,78
2025-10-13T15:56:50.251,77
2025-10-13T15:56:50.353,78
2025-10-13T15:56:50.451,77
2025-10-13T15:56:50.554,77
2025-10-13T15:56:50.652,77
2025-10-13T15:56:50.754,78
2025-10-13T15:56:50.853,77
2025-10-13T15:56:50.955,77
2025-10-13T15:56:51.058,77
2025-10-13T15:56:51.156,77
2025-10-13T15:56:51.258,77
2025-10-13T15:56:51.357,77
2025-10-13T15:56:51.459,77
2025-10-13T15:56:51.557,77
2025-10-13T15:56:51.660,77
2025-10-13T15:56:51.762,77
2025-10-13T15:56:51.860,77
2025-10-13T15:56:51.963,77
2025-10-13T15:56:52.061,77
2025-10-13T15:56:52.164,77
2025-10-13T15:56:52.262,77
2025-10-13T15:56:52.364,77
2025-10-13T15:56:52.466,77
2025-10-13T15:56:52.565,77
2025-10-13T15:56:52.667,77
2025-10-13T15:56:52.765,77
2025-10-13T15:56:52.868,77
2025-10-13T15:56:52.966,77
2025-10-13T15:56:53.069,77
2025-10-13T15:56:53.171,77
2025-10-13T15:56:53.269,77
2025-10-13T15:56:53.372,78
2025-10-13T15:56:53.470,78
2025-10-13T15:56:53.572,77
2025-10-13T15:56:53.671,78
2025-10-13T15:56:53.773,78
2025-10-13T15:56:53.875,77
2025-10-13T15:56:53.974,78
2025-10-13T15:56:54.076,77
2025-10-13T15:56:54.174,77
2025-10-13T15:56:54.277,77
2025-10-13T15:56:54.375,77
2025-10-13T15:56:54.478,78
2025-10-13T15:56:54.580,77
2025-10-13T15:56:54.678,77
2025-10-13T15:56:54.781,77
2025-10-13T15:56:54.879,77
2025-10-13T15:56:54.981,77
2025-10-13T15:56:55.079,77
2025-10-13T15:56:55.182,77
2025-10-13T15:56:55.284,77
2025-10-13T15:56:55.383,77
2025-10-13T15:56:55.485,77
2025-10-13T15:56:55.583,78
2025-10-13T15:56:55.686,77
2025-10-13T15:56:55.784,77
2025-10-13T15:56:55.887,77
2025-10-13T15:56:55.989,77
2025-10-13T15:56:56.087,78
2025-10-13T15:56:56.189,78
2025-10-13T15:56:56.288,78
2025-10-13T15:56:56.390,78
2025-10-13T15:56:56.489,78
2025-10-13T15:56:56.591,78
2025-10-13T15:56:56.693,78
2025-10-13T15:56:56.792,78
2025-10-13T15:56:56.894,78
2025-10-13T15:56:56.992,78
2025-10-13T15:56:57.095,77
2025-10-13T15:56:57.193,78
2025-10-13T15:56:57.295,78
2025-10-13T15:56:57.398,78
2025-10-13T15:56:57.496,78
2025-10-13T15:56:57.598,78
2025-10-13T15:56:57.697,78
2025-10-13T15:56:57.799,78
2025-10-13T15:56:57.897,78
2025-10-13T15:56:58.000,78
2025-10-13T15:56:58.102,78
2025-10-13T15:56:58.201,78
2025-10-13T15:56:58.303,78
2025-10-13T15:56:58.401,77
2025-10-13T15:56:58.504,78
2025-10-13T15:56:58.602,77
2025-10-13T15:56:58.704,78
2025-10-13T15:56:58.807,78
2025-10-13T15:56:58.905,78
2025-10-13T15:56:59.007,78
2025-10-13T15:56:59.106,78
2025-10-13T15:56:59.208,78
2025-10-13T15:56:59.307,78
2025-10-13T15:56:59.409,78
2025-10-13T15:56:59.511,78
2025-10-13T15:56:59.610,77
2025-10-13T15:56:59.712,77
2025-10-13T15:56:59.810,78
2025-10-13T15:56:59.913,78
2025-10-13T15:57:00.011,78
2025-10-13T15:57:00.113,78
2025-10-13T15:57:00.216,78
2025-10-13T15:57:00.314,78
2025-10-13T15:57:00.416,78
2025-10-13T15:57:00.515,78
2025-10-13T15:57:00.617,77
2025-10-13T15:57:00.716,78
2025-10-13T15:57:00.818,78
2025-10-13T15:57:00.920,77
2025-10-13T15:57:01.019,78
2025-10-13T15:57:01.121,78
2025-10-13T15:57:01.219,77
2025-10-13T15:57:01.321,77
2025-10-13T15:57:01.420,77
2025-10-13T15:57:01.522,78
2025-10-13T15:57:01.625,78
2025-10-13T15:57:01.723,78
2025-10-13T15:57:01.825,78
2025-10-13T15:57:01.924,78
2025-10-13T15:57:02.026,78
2025-10-13T15:57:02.125,78
2025-10-13T15:57:02.227,78
2025-10-13T15:57:02.329,78
2025-10-13T15:57:02.428,78
2025-10-13T15:57:02.530,78
2025-10-13T15:57:02.628,78
2025-10-13T15:57:02.731,78
2025-10-13T15:57:02.829,78
2025-10-13T15:57:02.931,78
2025-10-13T15:57:03.034,78
2025-10-13T15:57:03.132,78
2025-10-13T15:57:03.234,78
2025-10-13T15:57:03.333,78
2025-10-13T15:57:03.435,77
2025-10-13T15:57:03.533,78
2025-10-13T15:57:03.636,78
2025-10-13T15:57:03.738,77
2025-10-13T15:57:03.836,78
2025-10-13T15:57:03.939,78
2025-10-13T15:57:04.037,77
2025-10-13T15:57:04.140,78
2025-10-13T15:57:04.238,78
2025-10-13T15:57:04.340,78
2025-10-13T15:57:04.443,78
2025-10-13T15:57:04.541,78
2025-10-13T15:57:04.643,78
2025-10-13T15:57:04.742,78
2025-10-13T15:57:04.844,78
2025-10-13T15:57:04.942,78
2025-10-13T15:57:05.045,78
2025-10-13T15:57:05.147,78
2025-10-13T15:57:05.245,78
2025-10-13T15:57:05.348,78
2025-10-13T15:57:05.446,78
2025-10-13T15:57:05.549,78
2025-10-13T15:57:05.647,78
2025-10-13T15:57:05.749,78
2025-10-13T15:57:05.851,78
2025-10-13T15:57:05.950,78
2025-10-13T15:57:06.052,78
2025-10-13T15:57:06.151,78
2025-10-13T15:57:06.253,78
2025-10-13T15:57:06.351,78
2025-10-13T15:57:06.454,78
2025-10-13T15:57:06.556,78
2025-10-13T15:57:06.654,78
2025-10-13T15:57:06.757,79
2025-10-13T15:57:06.855,79
2025-10-13T15:57:06.957,78
2025-10-13T15:57:07.056,79
2025-10-13T15:57:07.158,79
2025-10-13T15:57:07.261,79
2025-10-13T15:57:07.359,79
2025-10-13T15:57:07.461,78
2025-10-13T15:57:07.559,79
2025-10-13T15:57:07.662,79
2025-10-13T15:57:07.760,79
2025-10-13T15:57:07.863,79
2025-10-13T15:57:07.965,79
2025-10-13T15:57:08.063,79
2025-10-13T15:57:08.166,79
2025-10-13T15:57:08.264,79
2025-10-13T15:57:08.366,79
2025-10-13T15:57:08.465,79
2025-10-13T15:57:08.567,79
2025-10-13T15:57:08.670,79
2025-10-13T15:57:08.768,79
2025-10-13T15:57:08.870,79
2025-10-13T15:57:08.969,79
2025-10-13T15:57:09.071,79
2025-10-13T15:57:09.169,79
2025-10-13T15:57:09.272,79
2025-10-13T15:57:09.374,79
2025-10-13T15:57:09.472,79
2025-10-13T15:57:09.575,79
2025-10-13T15:57:09.673,79
2025-10-13T15:57:09.776,79
2025-10-13T15:57:09.874,79
2025-10-13T15:57:09.976,79
2025-10-13T15:57:10.078,79
2025-10-13T15:57:10.177,79
2025-10-13T15:57:10.279,79
2025-10-13T15:57:10.378,79
2025-10-13T15:57:10.480,79
2025-10-13T15:57:10.578,79
2025-10-13T15:57:10.681,79
2025-10-13T15:57:10.783,79
2025-10-13T15:57:10.881,79
2025-10-13T15:57:10.984,79
2025-10-13T15:57:11.082,79
2025-10-13T15:57:11.184,79
2025-10-13T15:57:11.283,79
2025-10-13T15:57:11.385,79
2025-10-13T15:57:11.487,79
2025-10-13T15:57:11.586,79
2025-10-13T15:57:11.688,79
2025-10-13T15:57:11.787,79
2025-10-13T15:57:11.889,79
2025-10-13T15:57:11.987,79
2025-10-13T15:57:12.090,79
2025-10-13T15:57:12.192,79
2025-10-13T15:57:12.290,79
2025-10-13T15:57:12.393,79
2025-10-13T15:57:12.491,79
2025-10-13T15:57:12.593,79
2025-10-13T15:57:12.692,79
2025-10-13T15:57:12.794,79
2025-10-13T15:57:12.896,79
2025-10-13T15:57:12.995,79
2025-10-13T15:57:13.097,79
2025-10-13T15:57:13.196,80
2025-10-13T15:57:13.298,80
2025-10-13T15:57:13.396,80
2025-10-13T15:57:13.499,79
2025-10-13T15:57:13.601,80
2025-10-13T15:57:13.699,80
2025-10-13T15:57:13.801,80
2025-10-13T15:57:13.900,79
2025-10-13T15:57:14.002,79
2025-10-13T15:57:14.101,79
2025-10-13T15:57:14.203,79
2025-10-13T15:57:14.305,80
2025-10-13T15:57:14.404,79
2025-10-13T15:57:14.506,80
2025-10-13T15:57:14.605,80
2025-10-13T15:57:14.707,80
2025-10-13T15:57:14.805,80
2025-10-13T15:57:14.908,80
2025-10-13T15:57:15.010,80
2025-10-13T15:57:15.108,80
2025-10-13T15:57:15.211,80
2025-10-13T15:57:15.309,80
2025-10-13T15:57:15.411,79
2025-10-13T15:57:15.510,79
2025-10-13T15:57:15.612,79
2025-10-13T15:57:15.714,79
2025-10-13T15:57:15.813,79
2025-10-13T15:57:15.915,80
2025-10-13T15:57:16.013,79
2025-10-13T15:57:16.116,79
2025-10-13T15:57:16.214,79
2025-10-13T15:57:16.316,79
2025-10-13T15:57:16.419,79
2025-10-13T15:57:16.517,79
2025-10-13T15:57:16.619,80
2025-10-13T15:57:16.718,79
2025-10-13T15:57:16.820,80
2025-10-13T15:57:16.919,80
2025-10-13T15:57:17.021,79
2025-10-13T15:57:17.123,79
2025-10-13T15:57:17.222,79
2025-10-13T15:57:17.324,80
2025-10-13T15:57:17.422,80
2025-10-13T15:57:17.525,80
2025-10-13T15:57:17.623,80
2025-10-13T15:57:17.725,80
2025-10-13T15:57:17.828,80
2025-10-13T15:57:17.926,80
2025-10-13T15:57:18.028,80
2025-10-13T15:57:18.127,80
2025-10-13T15:57:18.229,80
2025-10-13T15:57:18.327,80
2025-10-13T15:57:18.430,80
2025-10-13T15:57:18.532,80
2025-10-13T15:57:18.631,80
2025-10-13T15:57:18.733,80
2025-10-13T15:57:18.831,80
2025-10-13T15:57:18.934,80
2025-10-13T15:57:19.032,80
2025-10-13T15:57:19.134,80
2025-10-13T15:57:19.237,80
2025-10-13T15:57:19.335,80
2025-10-13T15:57:19.437,79
2025-10-13T15:57:19.536,80
2025-10-13T15:57:19.638,79
2025-10-13T15:57:19.736,79
2025-10-13T15:57:19.839,80
2025-10-13T15:57:19.941,80
2025-10-13T15:57:20.040,79
2025-10-13T15:57:20.142,80
2025-10-13T15:57:20.240,80
2025-10-13T15:57:20.343,80
2025-10-13T15:57:20.441,80
2025-10-13T15:57:20.544,80
2025-10-13T15:57:20.646,80
2025-10-13T15:57:20.744,79
2025-10-13T15:57:20.846,80
2025-10-13T15:57:20.945,79
2025-10-13T15:57:21.047,80
2025-10-13T15:57:21.145,80
2025-10-13T15:57:21.248,80
2025-10-13T15:57:21.350,80
2025-10-13T15:57:21.449,80
2025-10-13T15:57:21.551,80
2025-10-13T15:57:21.649,80
2025-10-13T15:57:21.752,80
2025-10-13T15:57:21.850,80
2025-10-13T15:57:21.953,80
2025-10-13T15:57:22.055,80
2025-10-13T15:57:22.153,80
2025-10-13T15:57:22.255,80
2025-10-13T15:57:22.354,80
2025-10-13T15:57:22.456,80
2025-10-13T15:57:22.554,80
2025-10-13T15:57:22.657,80
2025-10-13T15:57:22.759,80
2025-10-13T15:57:22.857,80
2025-10-13T15:57:22.960,80
2025-10-13T15:57:23.058,80
2025-10-13T15:57:23.161,80
2025-10-13T15:57:23.259,80
2025-10-13T15:57:23.361,80
2025-10-13T15:57:23.464,80
2025-10-13T15:57:23.562,80
2025-10-13T15:57:23.664,80
2025-10-13T15:57:23.763,80
2025-10-13T15:57:23.865,80
2025-10-13T15:57:23.963,80
2025-10-13T15:57:24.066,80
2025-10-13T15:57:24.168,80
2025-10-13T15:57:24.266,80
2025-10-13T15:57:24.369,80
2025-10-13T15:57:24.467,80
2025-10-13T15:57:24.570,80
2025-10-13T15:57:24.668,80
2025-10-13T15:57:24.770,80
2025-10-13T15:57:24.873,80
2025-10-13T15:57:24.971,80
2025-10-13T15:57:25.073,80
2025-10-13T15:57:25.172,80
2025-10-13T15:57:25.274,80
2025-10-13T15:57:25.372,80
2025-10-13T15:57:25.475,80
2025-10-13T15:57:25.577,80
2025-10-13T15:57:25.675,80
2025-10-13T15:57:25.778,80
2025-10-13T15:57:25.876,80
2025-10-13T15:57:25.979,80
2025-10-13T15:57:26.077,80
2025-10-13T15:57:26.179,80
2025-10-13T15:57:26.281,80
2025-10-13T15:57:26.380,80
2025-10-13T15:57:26.482,80
2025-10-13T15:57:26.581,80
2025-10-13T15:57:26.683,80
2025-10-13T15:57:26.781,80
2025-10-13T15:57:26.884,80
2025-10-13T15:57:26.986,80
2025-10-13T15:57:27.084,80
2025-10-13T15:57:27.187,80
2025-10-13T15:57:27.285,80
2025-10-13T15:57:27.387,80
2025-10-13T15:57:27.486,80
2025-10-13T15:57:27.588,80
2025-10-13T15:57:27.691,79
2025-10-13T15:57:27.789,79
2025-10-13T15:57:27.891,79
2025-10-13T15:57:27.990,79
2025-10-13T15:57:28.092,80
2025-10-13T15:57:28.190,79
2025-10-13T15:57:28.292,80
2025-10-13T15:57:28.395,80
2025-10-13T15:57:28.493,80
2025-10-13T15:57:28.596,80
2025-10-13T15:57:28.694,80
2025-10-13T15:57:28.796,80
2025-10-13T15:57:28.895,80
2025-10-13T15:57:28.997,80
2025-10-13T15:57:29.099,80
2025-10-13T15:57:29.198,80
2025-10-13T15:57:29.300,80
2025-10-13T15:57:29.398,80
2025-10-13T15:57:29.501,80
2025-10-13T15:57:29.599,80
2025-10-13T15:57:29.702,80
2025-10-13T15:57:29.804,80
2025-10-13T15:57:29.902,81
2025-10-13T15:57:30.005,80
2025-10-13T15:57:30.103,81
2025-10-13T15:57:30.205,81
2025-10-13T15:57:30.304,81
2025-10-13T15:57:30.406,80
2025-10-13T15:57:30.508,80
2025-10-13T15:57:30.607,81
2025-10-13T15:57:30.709,81
2025-10-13T15:57:30.807,80
2025-10-13T15:57:30.910,80
2025-10-13T15:57:31.008,80
2025-10-13T15:57:31.111,80
2025-10-13T15:57:31.213,80
2025-10-13T15:57:31.311,80
2025-10-13T15:57:31.414,80
2025-10-13T15:57:31.512,80
2025-10-13T15:57:31.615,80
2025-10-13T15:57:31.713,80
2025-10-13T15:57:31.815,80
2025-10-13T15:57:31.917,80
2025-10-13T15:57:32.016,80
2025-10-13T15:57:32.118,80
2025-10-13T15:57:32.216,80
2025-10-13T15:57:32.319,80
2025-10-13T15:57:32.417,80
2025-10-13T15:57:32.520,79
2025-10-13T15:57:32.622,80
2025-10-13T15:57:32.720,80
2025-10-13T15:57:32.823,80
2025-10-13T15:57:32.921,80
2025-10-13T15:57:33.023,80
2025-10-13T15:57:33.122,80
2025-10-13T15:57:33.224,80
2025-10-13T15:57:33.326,80
2025-10-13T15:57:33.425,80
2025-10-13T15:57:33.527,80
2025-10-13T15:57:33.626,80
2025-10-13T15:57:33.728,80
2025-10-13T15:57:33.826,80
2025-10-13T15:57:33.928,80
2025-10-13T15:57:34.031,80
2025-10-13T15:57:34.129,80
2025-10-13T15:57:34.232,80
2025-10-13T15:57:34.330,80
2025-10-13T15:57:34.432,80
2025-10-13T15:57:34.531,80
2025-10-13T15:57:34.633,80
2025-10-13T15:57:34.735,80
2025-10-13T15:57:34.834,80
2025-10-13T15:57:34.936,80
2025-10-13T15:57:35.035,80
2025-10-13T15:57:35.137,80
2025-10-13T15:57:35.235,80
2025-10-13T15:57:35.338,80
2025-10-13T15:57:35.440,80
2025-10-13T15:57:35.538,80
2025-10-13T15:57:35.640,80
2025-10-13T15:57:35.739,80
2025-10-13T15:57:35.841,80
2025-10-13T15:57:35.940,80
2025-10-13T15:57:36.042,80
2025-10-13T15:57:36.144,81
2025-10-13T15:57:36.243,81
2025-10-13T15:57:36.345,81
2025-10-13T15:57:36.443,81
2025-10-13T15:57:36.546,74
2025-10-13T15:57:36.648,71
2025-10-13T15:57:36.746,71
2025-10-13T15:57:36.849,74
2025-10-13T15:57:36.947,74
2025-10-13T15:57:37.050,75
2025-10-13T15:57:37.148,76
2025-10-13T15:57:37.250,75
2025-10-13T15:57:37.353,76
2025-10-13T15:57:37.451,76
2025-10-13T15:57:37.553,76
2025-10-13T15:57:37.652,76
2025-10-13T15:57:37.754,76
2025-10-13T15:57:37.852,76
2025-10-13T15:57:37.955,76
2025-10-13T15:57:38.057,76
2025-10-13T15:57:38.155,77
2025-10-13T15:57:38.258,77
2025-10-13T15:57:38.356,77
2025-10-13T15:57:38.459,77
2025-10-13T15:57:38.557,77
2025-10-13T15:57:38.659,77
2025-10-13T15:57:38.762,77
2025-10-13T15:57:38.860,77
2025-10-13T15:57:38.962,77
2025-10-13T15:57:39.061,77
2025-10-13T15:57:39.163,77
2025-10-13T15:57:39.261,77
2025-10-13T15:57:39.364,77
2025-10-13T15:57:39.466,78
2025-10-13T15:57:39.565,77
2025-10-13T15:57:39.667,77
2025-10-13T15:57:39.765,78
2025-10-13T15:57:39.867,77
2025-10-13T15:57:39.966,77
2025-10-13T15:57:40.068,77
2025-10-13T15:57:40.171,77
2025-10-13T15:57:40.269,77
2025-10-13T15:57:40.371,78
2025-10-13T15:57:40.470,78
2025-10-13T15:57:40.572,78
2025-10-13T15:57:40.670,78
2025-10-13T15:57:40.773,78
2025-10-13T15:57:40.875,78
2025-10-13T15:57:40.973,78
2025-10-13T15:57:41.076,78
2025-10-13T15:57:41.174,78
2025-10-13T15:57:41.276,78
2025-10-13T15:57:41.375,78
2025-10-13T15:57:41.477,78
2025-10-13T15:57:41.579,78
2025-10-13T15:57:41.678,78
2025-10-13T15:57:41.780,78
2025-10-13T15:57:41.879,78
2025-10-13T15:57:41.981,78
2025-10-13T15:57:42.079,78
2025-10-13T15:57:42.182,78
2025-10-13T15:57:42.284,78
2025-10-13T15:57:42.382,78
2025-10-13T15:57:42.485,78
2025-10-13T15:57:42.583,78
2025-10-13T15:57:42.686,78
2025-10-13T15:57:42.784,78
2025-10-13T15:57:42.886,78
2025-10-13T15:57:42.988,78
2025-10-13T15:57:43.087,78
2025-10-13T15:57:43.189,78
2025-10-13T15:57:43.288,78
2025-10-13T15:57:43.390,78
2025-10-13T15:57:43.488,78
2025-10-13T15:57:43.590,78
2025-10-13T15:57:43.693,78
2025-10-13T15:57:43.791,78
2025-10-13T15:57:43.894,78
2025-10-13T15:57:43.992,78
2025-10-13T15:57:44.094,78
2025-10-13T15:57:44.193,78
2025-10-13T15:57:44.295,78
2025-10-13T15:57:44.397,78
2025-10-13T15:57:44.496,78
2025-10-13T15:57:44.598,78
2025-10-13T15:57:44.696,78
2025-10-13T15:57:44.799,78
2025-10-13T15:57:44.897,78
2025-10-13T15:57:45.000,78
2025-10-13T15:57:45.102,78
2025-10-13T15:57:45.200,78
2025-10-13T15:57:45.302,78
2025-10-13T15:57:45.401,78
2025-10-13T15:57:45.503,78
2025-10-13T15:57:45.602,79
2025-10-13T15:57:45.704,78
2025-10-13T15:57:45.806,78
2025-10-13T15:57:45.905,79
2025-10-13T15:57:46.007,79
2025-10-13T15:57:46.105,78
2025-10-13T15:57:46.208,79
2025-10-13T15:57:46.306,79
2025-10-13T15:57:46.408,79
2025-10-13T15:57:46.511,79
2025-10-13T15:57:46.609,79
2025-10-13T15:57:46.712,79
2025-10-13T15:57:46.810,79
2025-10-13T15:57:46.912,79
2025-10-13T15:57:47.011,79
2025-10-13T15:57:47.113,79
2025-10-13T15:57:47.215,79
2025-10-13T15:57:47.314,79
2025-10-13T15:57:47.416,79
2025-10-13T15:57:47.514,79
2025-10-13T15:57:47.617,79
2025-10-13T15:57:47.715,79
2025-10-13T15:57:47.817,78
2025-10-13T15:57:47.920,78
2025-10-13T15:57:48.018,78
2025-10-13T15:57:48.121,78
2025-10-13T15:57:48.219,78
2025-10-13T15:57:48.321,78
2025-10-13T15:57:48.419,78
2025-10-13T15:57:48.522,78
2025-10-13T15:57:48.624,77
2025-10-13T15:57:48.723,78
2025-10-13T15:57:48.825,78
2025-10-13T15:57:48.923,78
2025-10-13T15:57:49.026,78
2025-10-13T15:57:49.124,78
2025-10-13T15:57:49.226,78
2025-10-13T15:57:49.329,76
2025-10-13T15:57:49.427,66
2025-10-13T15:57:49.529,71
2025-10-13T15:57:49.628,69
2025-10-13T15:57:49.730,71
2025-10-13T15:57:49.829,72
2025-10-13T15:57:49.931,73
2025-10-13T15:57:50.033,74
2025-10-13T15:57:50.131,74
2025-10-13T15:57:50.234,74
2025-10-13T15:57:50.332,74
2025-10-13T15:57:50.435,75
2025-10-13T15:57:50.533,75
2025-10-13T15:57:50.635,74
2025-10-13T15:57:50.738,75
2025-10-13T15:57:50.836,75
2025-10-13T15:57:50.938,75
2025-10-13T15:57:51.037,74
2025-10-13T15:57:51.139,75
2025-10-13T15:57:51.237,75
2025-10-13T15:57:51.340,75
2025-10-13T15:57:51.442,75
2025-10-13T15:57:51.540,75
2025-10-13T15:57:51.643,75
2025-10-13T15:57:51.741,75
2025-10-13T15:57:51.844,75
2025-10-13T15:57:51.942,75
2025-10-13T15:57:52.044,75
2025-10-13T15:57:52.147,75
2025-10-13T15:57:52.245,75
2025-10-13T15:57:52.347,76
2025-10-13T15:57:52.446,76
2025-10-13T15:57:52.548,75
2025-10-13T15:57:52.647,75
2025-10-13T15:57:52.749,76
2025-10-13T15:57:52.851,76
2025-10-13T15:57:52.950,76
2025-10-13T15:57:53.052,76
2025-10-13T15:57:53.150,76
2025-10-13T15:57:53.252,76
2025-10-13T15:57:53.351,76
2025-10-13T15:57:53.453,76
2025-10-13T15:57:53.556,75
2025-10-13T15:57:53.654,75
2025-10-13T15:57:53.756,75
2025-10-13T15:57:53.855,76
2025-10-13T15:57:53.957,76
2025-10-13T15:57:54.056,76
2025-10-13T15:57:54.158,76
2025-10-13T15:57:54.260,76
2025-10-13T15:57:54.359,76
2025-10-13T15:57:54.461,76
2025-10-13T15:57:54.559,76
2025-10-13T15:57:54.662,76
2025-10-13T15:57:54.760,76
2025-10-13T15:57:54.862,77
2025-10-13T15:57:54.965,77
2025-10-13T15:57:55.063,77
2025-10-13T15:57:55.165,77
2025-10-13T15:57:55.264,77
2025-10-13T15:57:55.366,76
2025-10-13T15:57:55.464,77
2025-10-13T15:57:55.567,77
2025-10-13T15:57:55.669,77
2025-10-13T15:57:55.767,77
2025-10-13T15:57:55.870,76
2025-10-13T15:57:55.968,77
2025-10-13T15:57:56.071,77
2025-10-13T15:57:56.169,76
2025-10-13T15:57:56.271,76
2025-10-13T15:57:56.374,76
2025-10-13T15:57:56.472,76
2025-10-13T15:57:56.574,76
2025-10-13T15:57:56.673,77
2025-10-13T15:57:56.775,77
2025-10-13T15:57:56.873,77
2025-10-13T15:57:56.976,76
2025-10-13T15:57:57.078,77
2025-10-13T15:57:57.176,77
2025-10-13T15:57:57.279,77
2025-10-13T15:57:57.377,77
2025-10-13T15:57:57.480,77
2025-10-13T15:57:57.578,77
2025-10-13T15:57:57.680,77
2025-10-13T15:57:57.783,77
2025-10-13T15:57:57.881,77
2025-10-13T15:57:57.983,77
2025-10-13T15:57:58.081,77
2025-10-13T15:57:58.184,77
2025-10-13T15:57:58.282,77
2025-10-13T15:57:58.385,77
2025-10-13T15:57:58.487,77
2025-10-13T15:57:58.585,77
2025-10-13T15:57:58.688,77
2025-10-13T15:57:58.786,77
2025-10-13T15:57:58.888,77
2025-10-13T15:57:58.987,77
2025-10-13T15:57:59.089,77
2025-10-13T15:57:59.191,77
2025-10-13T15:57:59.290,77
2025-10-13T15:57:59.392,77
2025-10-13T15:57:59.491,77
2025-10-13T15:57:59.593,77
2025-10-13T15:57:59.691,77
2025-10-13T15:57:59.794,77
2025-10-13T15:57:59.896,77
2025-10-13T15:57:59.994,77
2025-10-13T15:58:00.097,77
2025-10-13T15:58:00.195,77
2025-10-13T15:58:00.298,77
2025-10-13T15:58:00.396,77
2025-10-13T15:58:00.498,77
2025-10-13T15:58:00.601,77
2025-10-13T15:58:00.699,77
2025-10-13T15:58:00.801,77
2025-10-13T15:58:00.900,77
2025-10-13T15:58:01.002,77
2025-10-13T15:58:01.100,77
2025-10-13T15:58:01.202,77
2025-10-13T15:58:01.305,78
2025-10-13T15:58:01.403,77
2025-10-13T15:58:01.506,77
2025-10-13T15:58:01.604,77
2025-10-13T15:58:01.706,78
2025-10-13T15:58:01.805,77
2025-10-13T15:58:01.907,77
2025-10-13T15:58:02.009,77
2025-10-13T15:58:02.108,77
2025-10-13T15:58:02.210,77
2025-10-13T15:58:02.309,77
2025-10-13T15:58:02.411,77
2025-10-13T15:58:02.509,77
2025-10-13T15:58:02.611,78
2025-10-13T15:58:02.714,78
2025-10-13T15:58:02.812,77
2025-10-13T15:58:02.915,78
2025-10-13T15:58:03.013,78
2025-10-13T15:58:03.115,77
2025-10-13T15:58:03.213,77
2025-10-13T15:58:03.316,77
2025-10-13T15:58:03.418,78
2025-10-13T15:58:03.517,78
2025-10-13T15:58:03.619,78
2025-10-13T15:58:03.717,78
2025-10-13T15:58:03.820,78
2025-10-13T15:58:03.918,78
2025-10-13T15:58:04.021,78
2025-10-13T15:58:04.123,78
2025-10-13T15:58:04.221,78
2025-10-13T15:58:04.324,78
2025-10-13T15:58:04.422,78
2025-10-13T15:58:04.524,78
2025-10-13T15:58:04.623,78
2025-10-13T15:58:04.725,78
2025-10-13T15:58:04.827,77
2025-10-13T15:58:04.926,78
2025-10-13T15:58:05.028,78
2025-10-13T15:58:05.127,78
2025-10-13T15:58:05.229,78
2025-10-13T15:58:05.327,77
2025-10-13T15:58:05.430,78
2025-10-13T15:58:05.532,78
2025-10-13T15:58:05.630,78
2025-10-13T15:58:05.733,78
2025-10-13T15:58:05.831,78
2025-10-13T15:58:05.933,78
2025-10-13T15:58:06.032,78
2025-10-13T15:58:06.134,78
2025-10-13T15:58:06.236,78
2025-10-13T15:58:06.335,78
2025-10-13T15:58:06.437,78
2025-10-13T15:58:06.535,78
2025-10-13T15:58:06.638,78
2025-10-13T15:58:06.736,78
2025-10-13T15:58:06.838,78
2025-10-13T15:58:06.941,78
2025-10-13T15:58:07.039,78
2025-10-13T15:58:07.142,78
2025-10-13T15:58:07.240,78
2025-10-13T15:58:07.342,78
2025-10-13T15:58:07.440,78
2025-10-13T15:58:07.543,78
2025-10-13T15:58:07.645,78
2025-10-13T15:58:07.744,78
2025-10-13T15:58:07.847,78
2025-10-13T15:58:07.944,78
2025-10-13T15:58:08.047,78
2025-10-13T15:58:08.145,78
2025-10-13T15:58:08.247,78
2025-10-13T15:58:08.350,78
2025-10-13T15:58:08.448,78
2025-10-13T15:58:08.550,78
2025-10-13T15:58:08.649,78
2025-10-13T15:58:08.751,78
2025-10-13T15:58:08.850,78
2025-10-13T15:58:08.952,78
2025-10-13T15:58:09.054,78
2025-10-13T15:58:09.153,78
2025-10-13T15:58:09.255,78
2025-10-13T15:58:09.354,78
2025-10-13T15:58:09.456,78
2025-10-13T15:58:09.554,78
2025-10-13T15:58:09.657,78
2025-10-13T15:58:09.759,78
2025-10-13T15:58:09.857,78
2025-10-13T15:58:09.959,78
2025-10-13T15:58:10.058,78
2025-10-13T15:58:10.160,78
2025-10-13T15:58:10.259,78
2025-10-13T15:58:10.361,78
2025-10-13T15:58:10.463,78
2025-10-13T15:58:10.561,78
2025-10-13T15:58:10.664,78
2025-10-13T15:58:10.762,78
2025-10-13T15:58:10.865,78
2025-10-13T15:58:10.963,78
2025-10-13T15:58:11.065,77
2025-10-13T15:58:11.168,77
2025-10-13T15:58:11.266,77
2025-10-13T15:58:11.368,77
2025-10-13T15:58:11.467,77
2025-10-13T15:58:11.569,78
2025-10-13T15:58:11.667,78
2025-10-13T15:58:11.770,78
2025-10-13T15:58:11.872,78
2025-10-13T15:58:11.970,78
2025-10-13T15:58:12.073,78
2025-10-13T15:58:12.171,78
2025-10-13T15:58:12.274,78
2025-10-13T15:58:12.372,78
2025-10-13T15:58:12.474,78
2025-10-13T15:58:12.577,78
2025-10-13T15:58:12.675,78
2025-10-13T15:58:12.777,78
2025-10-13T15:58:12.876,78
2025-10-13T15:58:12.978,78
2025-10-13T15:58:13.076,78
2025-10-13T15:58:13.179,78
2025-10-13T15:58:13.281,78
2025-10-13T15:58:13.380,78
2025-10-13T15:58:13.482,78
2025-10-13T15:58:13.580,78
2025-10-13T15:58:13.683,77
2025-10-13T15:58:13.781,78
2025-10-13T15:58:13.883,78
2025-10-13T15:58:13.986,78
2025-10-13T15:58:14.084,78
2025-10-13T15:58:14.187,78
2025-10-13T15:58:14.285,78
2025-10-13T15:58:14.387,78
2025-10-13T15:58:14.486,78
2025-10-13T15:58:14.588,77
2025-10-13T15:58:14.690,77
2025-10-13T15:58:14.788,77
2025-10-13T15:58:14.891,77
2025-10-13T15:58:14.989,76
2025-10-13T15:58:15.091,76
2025-10-13T15:58:15.190,76
2025-10-13T15:58:15.292,76
2025-10-13T15:58:15.395,77
2025-10-13T15:58:15.493,77
2025-10-13T15:58:15.595,76
2025-10-13T15:58:15.693,77
2025-10-13T15:58:15.796,77
2025-10-13T15:58:15.894,77
2025-10-13T15:58:15.997,77
2025-10-13T15:58:16.099,77
2025-10-13T15:58:16.198,77
2025-10-13T15:58:16.300,77
2025-10-13T15:58:16.398,77
2025-10-13T15:58:16.500,77
2025-10-13T15:58:16.603,77
2025-10-13T15:58:16.701,77
2025-10-13T15:58:16.803,77
2025-10-13T15:58:16.902,77
2025-10-13T15:58:17.004,77
2025-10-13T15:58:17.103,68
2025-10-13T15:58:17.205,69
2025-10-13T15:58:17.307,70
2025-10-13T15:58:17.406,73
2025-10-13T15:58:17.508,72
2025-10-13T15:58:17.606,74
2025-10-13T15:58:17.709,74
2025-10-13T15:58:17.807,74
2025-10-13T15:58:17.909,75
2025-10-13T15:58:18.012,74
2025-10-13T15:58:18.110,75
2025-10-13T15:58:18.213,75
2025-10-13T15:58:18.311,75
2025-10-13T15:58:18.414,75
2025-10-13T15:58:18.512,75
2025-10-13T15:58:18.614,75
2025-10-13T15:58:18.716,75
2025-10-13T15:58:18.815,75
2025-10-13T15:58:18.917,75
2025-10-13T15:58:19.016,75
2025-10-13T15:58:19.118,75
2025-10-13T15:58:19.216,76
2025-10-13T15:58:19.319,75
2025-10-13T15:58:19.421,75
2025-10-13T15:58:19.519,75
2025-10-13T15:58:19.622,75
2025-10-13T15:58:19.720,75
2025-10-13T15:58:19.822,75
2025-10-13T15:58:19.921,75
2025-10-13T15:58:20.023,75
2025-10-13T15:58:20.125,75
2025-10-13T15:58:20.224,75
2025-10-13T15:58:20.326,75
2025-10-13T15:58:20.424,75
2025-10-13T15:58:20.527,75
2025-10-13T15:58:20.625,75
2025-10-13T15:58:20.727,76
2025-10-13T15:58:20.830,76
2025-10-13T15:58:20.928,76
2025-10-13T15:58:21.030,76
2025-10-13T15:58:21.129,75
2025-10-13T15:58:21.231,76
2025-10-13T15:58:21.330,76
2025-10-13T15:58:21.432,76
2025-10-13T15:58:21.534,76
2025-10-13T15:58:21.632,76
2025-10-13T15:58:21.735,76
2025-10-13T15:58:21.833,76
2025-10-13T15:58:21.936,76
2025-10-13T15:58:22.034,76
2025-10-13T15:58:22.136,76
2025-10-13T15:58:22.239,76
2025-10-13T15:58:22.337,76
2025-10-13T15:58:22.439,76
2025-10-13T15:58:22.538,77
2025-10-13T15:58:22.640,76
2025-10-13T15:58:22.739,76
2025-10-13T15:58:22.841,76
2025-10-13T15:58:22.943,76
2025-10-13T15:58:23.042,76
2025-10-13T15:58:23.144,76
2025-10-13T15:58:23.242,76
2025-10-13T15:58:23.345,76
2025-10-13T15:58:23.443,76
2025-10-13T15:58:23.545,76
2025-10-13T15:58:23.648,76
2025-10-13T15:58:23.746,76
2025-10-13T15:58:23.848,76
2025-10-13T15:58:23.947,76
2025-10-13T15:58:24.049,76
2025-10-13T15:58:24.147,76
2025-10-13T15:58:24.250,76
2025-10-13T15:58:24.352,76
2025-10-13T15:58:24.451,76
2025-10-13T15:58:24.553,77
2025-10-13T15:58:24.651,77
2025-10-13T15:58:24.754,77
2025-10-13T15:58:24.852,77
2025-10-13T15:58:24.954,77
2025-10-13T15:58:25.057,77
2025-10-13T15:58:25.155,77
2025-10-13T15:58:25.257,77
